-- phpMyAdmin SQL Dump
-- version 5.2.1
-- https://www.phpmyadmin.net/
--
-- Servidor: 127.0.0.1
-- Tiempo de generación: 28-04-2026 a las 04:55:08
-- Versión del servidor: 10.4.32-MariaDB
-- Versión de PHP: 8.2.12

SET SQL_MODE = "NO_AUTO_VALUE_ON_ZERO";
START TRANSACTION;
SET time_zone = "+00:00";


/*!40101 SET @OLD_CHARACTER_SET_CLIENT=@@CHARACTER_SET_CLIENT */;
/*!40101 SET @OLD_CHARACTER_SET_RESULTS=@@CHARACTER_SET_RESULTS */;
/*!40101 SET @OLD_COLLATION_CONNECTION=@@COLLATION_CONNECTION */;
/*!40101 SET NAMES utf8mb4 */;

--
-- Base de datos: `archivex_db`
--

-- --------------------------------------------------------

--
-- Estructura de tabla para la tabla `backups`
--

CREATE TABLE `backups` (
  `id` int(11) NOT NULL,
  `ruta_archivo` varchar(255) NOT NULL,
  `usuario_id` int(11) DEFAULT NULL,
  `fecha` timestamp NOT NULL DEFAULT current_timestamp()
) ENGINE=InnoDB DEFAULT CHARSET=utf8mb4 COLLATE=utf8mb4_general_ci;

-- --------------------------------------------------------

--
-- Estructura de tabla para la tabla `busquedas`
--

CREATE TABLE `busquedas` (
  `id` int(11) NOT NULL,
  `usuario_id` int(11) NOT NULL,
  `filtros_json` text NOT NULL,
  `fecha` datetime DEFAULT current_timestamp()
) ENGINE=InnoDB DEFAULT CHARSET=utf8mb4 COLLATE=utf8mb4_general_ci;

-- --------------------------------------------------------

--
-- Estructura de tabla para la tabla `condecoraciones`
--

CREATE TABLE `condecoraciones` (
  `id` int(11) NOT NULL,
  `nombre` varchar(100) NOT NULL,
  `created_at` timestamp NOT NULL DEFAULT current_timestamp()
) ENGINE=InnoDB DEFAULT CHARSET=utf8mb4 COLLATE=utf8mb4_unicode_ci;

--
-- Volcado de datos para la tabla `condecoraciones`
--

INSERT INTO `condecoraciones` (`id`, `nombre`, `created_at`) VALUES
(1, 'Héroe de la República de Cuba', '2026-04-27 01:16:33'),
(2, 'Héroe del Trabajo de la República de Cuba', '2026-04-27 01:16:33'),
(3, 'Orden José Martí', '2026-04-27 01:16:33'),
(4, 'Orden Carlos J. Finlay', '2026-04-27 01:16:33'),
(5, 'Orden Félix Varela', '2026-04-27 01:16:33'),
(6, 'Orden Ernesto Che Guevara', '2026-04-27 01:16:33'),
(7, 'Orden Antonio Maceo', '2026-04-27 01:16:33'),
(8, 'Orden Playa Girón', '2026-04-27 01:16:33'),
(9, 'Orden Frank País', '2026-04-27 01:16:33'),
(10, 'Orden Mariana Grajales', '2026-04-27 01:16:33'),
(11, 'Orden Lázaro Peña', '2026-04-27 01:16:33'),
(12, 'Orden Julio Antonio Mella', '2026-04-27 01:16:33'),
(13, 'Orden Camilo Cienfuegos', '2026-04-27 01:16:33'),
(14, 'Orden Máximo Gómez', '2026-04-27 01:16:33'),
(15, 'Orden Raúl Gómez García', '2026-04-27 01:16:33'),
(16, 'Orden Al Mérito Deportivo', '2026-04-27 01:16:33'),
(17, 'Orden de la Solidaridad', '2026-04-27 01:16:33'),
(18, 'Orden de la Amistad', '2026-04-27 01:16:33'),
(19, 'Orden de la Independencia Nacional', '2026-04-27 01:16:33'),
(20, 'Orden de la Revolución', '2026-04-27 01:16:33'),
(21, 'Orden de la Seguridad del Estado', '2026-04-27 01:16:33'),
(22, 'Orden de la Defensa Nacional', '2026-04-27 01:16:33'),
(23, 'Orden de la Producción y la Economía', '2026-04-27 01:16:33'),
(24, 'Orden de la Cultura Nacional', '2026-04-27 01:16:33'),
(25, 'Medalla de la Alfabetización', '2026-04-27 01:16:33'),
(26, 'Medalla Jesús Menéndez', '2026-04-27 01:16:33'),
(27, 'Medalla Hazaña Laboral', '2026-04-27 01:16:33'),
(28, 'Medalla Por la Valentía Durante el Servicio', '2026-04-27 01:16:33'),
(29, 'Medalla Combatiente Internacionalista', '2026-04-27 01:16:33'),
(30, 'Medalla Victoria de Girón', '2026-04-27 01:16:33'),
(31, 'Medalla Trabajador Internacionalista', '2026-04-27 01:16:33'),
(32, 'Medalla Por la Defensa de la Patria y la Unidad del Barrio', '2026-04-27 01:16:33'),
(33, 'Medalla Conmemorativa 30 Años de las FAR', '2026-04-27 01:16:33'),
(34, 'Medalla Conmemorativa 40 Años de las FAR', '2026-04-27 01:16:33'),
(35, 'Medalla Conmemorativa 50 Años de las FAR', '2026-04-27 01:16:33'),
(36, 'Medalla Conmemorativa Aniversario del MININT', '2026-04-27 01:16:33'),
(37, 'Medalla Por el Servicio Distinguido en las FAR', '2026-04-27 01:16:33'),
(38, 'Medalla Por el Servicio Distinguido en el MININT', '2026-04-27 01:16:33'),
(39, 'Medalla Por la Seguridad del Estado', '2026-04-27 01:16:33'),
(40, 'Medalla Por la Protección de la Frontera', '2026-04-27 01:16:33'),
(41, 'Medalla Por la Defensa de la Vida Humana', '2026-04-27 01:16:33'),
(42, 'Medalla Por la Defensa de la Propiedad Social', '2026-04-27 01:16:33'),
(43, 'Medalla Por la Defensa de la Patria', '2026-04-27 01:16:33'),
(44, 'Medalla Por la Unidad del Barrio', '2026-04-27 01:16:33'),
(45, 'Medalla Por la Amistad y Solidaridad', '2026-04-27 01:16:33'),
(46, 'Medalla Por la Cultura Nacional', '2026-04-27 01:16:33'),
(47, 'Medalla Por la Educación Cubana', '2026-04-27 01:16:33'),
(48, 'Medalla Por la Ciencia y la Técnica', '2026-04-27 01:16:33'),
(49, 'Medalla Por el Deporte Cubano', '2026-04-27 01:16:33'),
(50, 'Medalla Por la Salud Pública', '2026-04-27 01:16:33'),
(51, 'Medalla Por la Producción y la Economía', '2026-04-27 01:16:33'),
(52, 'Medalla Por la Administración Pública', '2026-04-27 01:16:33'),
(53, 'Medalla Por la Seguridad Vial', '2026-04-27 01:16:33'),
(54, 'Medalla Por la Protección Civil', '2026-04-27 01:16:33'),
(55, 'Medalla Por la Colaboración Internacional', '2026-04-27 01:16:33'),
(56, 'Medalla Por la Paz y la Amistad', '2026-04-27 01:16:33'),
(57, 'Medalla Por la Defensa de la Revolución', '2026-04-27 01:16:33'),
(58, 'Medalla Por la Unidad Internacionalista', '2026-04-27 01:16:33'),
(59, 'Medalla Por la Solidaridad Internacional', '2026-04-27 01:16:33'),
(60, 'Medalla Por la Amistad entre los Pueblos', '2026-04-27 01:16:33'),
(61, 'Medalla Por la Cultura de la Paz', '2026-04-27 01:16:33'),
(62, 'Medalla Por la Defensa del Medio Ambiente', '2026-04-27 01:16:33'),
(63, 'Medalla Por la Protección de la Infancia', '2026-04-27 01:16:33'),
(64, 'Medalla Por la Juventud Cubana', '2026-04-27 01:16:33'),
(65, 'Medalla Por la Mujer Cubana', '2026-04-27 01:16:33'),
(66, 'Medalla Por el Campesinado Cubano', '2026-04-27 01:16:33'),
(67, 'Medalla Por el Obrero Cubano', '2026-04-27 01:16:33'),
(68, 'Medalla Por el Maestro Cubano', '2026-04-27 01:16:33'),
(69, 'Medalla Por el Médico Cubano', '2026-04-27 01:16:33'),
(70, 'Medalla Por el Científico Cubano', '2026-04-27 01:16:33'),
(71, 'Medalla Por el Artista Cubano', '2026-04-27 01:16:33'),
(72, 'Medalla Por el Deportista Cubano', '2026-04-27 01:16:33'),
(73, 'Medalla Por el Internacionalista Cubano', '2026-04-27 01:16:33'),
(74, 'Distinción 50 Aniversario del 26 de Julio', '2026-04-27 01:16:33'),
(75, 'Distinción Por la Seguridad del Orden Interior', '2026-04-27 01:16:33'),
(76, 'Distinción Conmemorativa de los Órganos de la Seguridad del Estado', '2026-04-27 01:16:33'),
(77, 'Distinción Por la Cultura Nacional', '2026-04-27 01:16:33'),
(78, 'Distinción Por la Educación Cubana', '2026-04-27 01:16:33'),
(79, 'Distinción Por la Ciencia y la Técnica', '2026-04-27 01:16:33'),
(80, 'Distinción Por el Deporte Cubano', '2026-04-27 01:16:33'),
(81, 'Distinción Por la Salud Pública', '2026-04-27 01:16:33'),
(82, 'Distinción Por la Producción y la Economía', '2026-04-27 01:16:33'),
(83, 'Distinción Por la Administración Pública', '2026-04-27 01:16:33'),
(84, 'Distinción Por la Seguridad Vial', '2026-04-27 01:16:33'),
(85, 'Distinción Por la Protección Civil', '2026-04-27 01:16:33'),
(86, 'Distinción Por la Colaboración Internacional', '2026-04-27 01:16:33'),
(87, 'Distinción Por la Paz y la Amistad', '2026-04-27 01:16:33'),
(88, 'Distinción Por la Defensa de la Revolución', '2026-04-27 01:16:33'),
(89, 'Distinción Por la Unidad Internacionalista', '2026-04-27 01:16:33'),
(90, 'Distinción Por la Solidaridad Internacional', '2026-04-27 01:16:33'),
(91, 'Distinción Por la Amistad entre los Pueblos', '2026-04-27 01:16:33'),
(92, 'Distinción Por la Cultura de la Paz', '2026-04-27 01:16:33'),
(93, 'Distinción Por la Defensa del Medio Ambiente', '2026-04-27 01:16:33'),
(94, 'Distinción Por la Protección de la Infancia', '2026-04-27 01:16:33'),
(95, 'Distinción Por la Juventud Cubana', '2026-04-27 01:16:33'),
(96, 'Distinción Por la Mujer Cubana', '2026-04-27 01:16:33'),
(97, 'Distinción Por el Campesinado Cubano', '2026-04-27 01:16:33'),
(98, 'Distinción Por el Obrero Cubano', '2026-04-27 01:16:33'),
(99, 'Distinción Por el Maestro Cubano', '2026-04-27 01:16:33'),
(100, 'Distinción Por el Médico Cubano', '2026-04-27 01:16:33'),
(101, 'Distinción Por el Científico Cubano', '2026-04-27 01:16:33'),
(102, 'Distinción Por el Artista Cubano', '2026-04-27 01:16:33'),
(103, 'Distinción Por el Deportista Cubano', '2026-04-27 01:16:33'),
(104, 'Distinción Por el Internacionalista Cubano', '2026-04-27 01:16:33'),
(105, 'Distinción Conmemorativa de las FAR', '2026-04-27 01:16:33'),
(106, 'Distinción Conmemorativa del MININT', '2026-04-27 01:16:33'),
(107, 'Distinción Conmemorativa de la Revolución', '2026-04-27 01:16:33'),
(108, 'Leo', '2026-04-27 01:35:30');

-- --------------------------------------------------------

--
-- Estructura de tabla para la tabla `estantes`
--

CREATE TABLE `estantes` (
  `id` int(11) NOT NULL,
  `numero_consecutivo` int(11) NOT NULL,
  `capacidad` int(11) DEFAULT 396
) ENGINE=InnoDB DEFAULT CHARSET=utf8mb4 COLLATE=utf8mb4_general_ci;

--
-- Volcado de datos para la tabla `estantes`
--

INSERT INTO `estantes` (`id`, `numero_consecutivo`, `capacidad`) VALUES
(1, 1, 396),
(2, 2, 396);

-- --------------------------------------------------------

--
-- Estructura de tabla para la tabla `historial_expediente`
--

CREATE TABLE `historial_expediente` (
  `id` int(11) NOT NULL,
  `militante_id` int(11) NOT NULL,
  `usuario_id` int(11) NOT NULL,
  `accion` varchar(255) NOT NULL,
  `fecha` timestamp NOT NULL DEFAULT current_timestamp()
) ENGINE=InnoDB DEFAULT CHARSET=utf8mb4 COLLATE=utf8mb4_general_ci;

-- --------------------------------------------------------

--
-- Estructura de tabla para la tabla `logs`
--

CREATE TABLE `logs` (
  `id` int(11) NOT NULL,
  `fecha_hora` datetime DEFAULT current_timestamp(),
  `usuario_id` int(11) DEFAULT NULL,
  `usuario_nombre` varchar(100) DEFAULT NULL,
  `accion` text DEFAULT NULL,
  `ip_address` varchar(45) DEFAULT NULL
) ENGINE=InnoDB DEFAULT CHARSET=utf8mb4 COLLATE=utf8mb4_general_ci;

--
-- Volcado de datos para la tabla `logs`
--

INSERT INTO `logs` (`id`, `fecha_hora`, `usuario_id`, `usuario_nombre`, `accion`, `ip_address`) VALUES
(1, '2026-04-27 21:26:47', 1, 'Administrador del Sistema', 'Realizó una búsqueda GLOBAL (activos y papelera): \'luis\'', '127.0.0.1'),
(2, '2026-04-27 21:26:53', 1, 'Administrador del Sistema', 'Realizó una búsqueda GLOBAL (activos y papelera): \'luis\'', '127.0.0.1'),
(3, '2026-04-27 21:27:01', 1, 'Administrador del Sistema', 'Realizó una búsqueda GLOBAL (activos y papelera): \'luis\'', '127.0.0.1'),
(4, '2026-04-27 21:49:00', 2, 'Sebastian', 'Inicio de sesión exitoso', '192.168.1.106'),
(5, '2026-04-27 21:49:09', 2, 'Sebastian', 'Cerró sesión', '192.168.1.106'),
(6, '2026-04-27 21:49:13', 2, 'Sebastian', 'Inicio de sesión exitoso', '192.168.1.106'),
(7, '2026-04-27 21:49:27', 2, 'Sebastian', 'ELIMINÓ (Papelera) el expediente de: Carla Inés García Mesa | CI: 88053012457', '192.168.1.106'),
(8, '2026-04-27 21:51:05', 2, 'Sebastian', 'RESTAURÓ el expediente de: Luis Alberto Sosa Vila | CI: 95011578541', '192.168.1.106'),
(9, '2026-04-27 21:51:13', 2, 'Sebastian', 'RESTAURÓ el expediente de: Carla Inés García Mesa | CI: 88053012457', '192.168.1.106'),
(10, '2026-04-27 21:51:48', 2, 'Sebastian', 'ELIMINÓ (Papelera) el expediente de: asdad  asda adad | CI: 00041602348', '192.168.1.106'),
(11, '2026-04-27 21:52:32', 2, 'Sebastian', 'Generó/Imprimió ficha PDF de: Roberto Carlos Gutiérrez Díaz | CI: 82031514782', '192.168.1.106'),
(12, '2026-04-27 21:52:56', 2, 'Sebastian', 'EDITÓ los datos del expediente: erto Carlos Gutiérrez Díaz | CI: 82031514782', '192.168.1.106'),
(13, '2026-04-27 21:53:47', 1, 'Administrador del Sistema', 'Creó al usuario: prueba con rol admin', '127.0.0.1'),
(14, '2026-04-27 21:53:55', 2, 'Sebastian', 'Cerró sesión', '192.168.1.106'),
(15, '2026-04-27 21:54:05', NULL, 'pepito', 'Inicio de sesión exitoso', '192.168.1.106'),
(16, '2026-04-27 21:54:36', 1, 'Administrador del Sistema', 'Exportó el historial de logs a Excel', '127.0.0.1'),
(17, '2026-04-27 21:56:28', 1, 'Administrador del Sistema', 'Cambió la contraseña del usuario ID: 4', '127.0.0.1'),
(18, '2026-04-27 21:56:37', 1, 'Administrador del Sistema', 'Eliminó al usuario: prueba', '127.0.0.1'),
(19, '2026-04-27 22:11:21', 1, 'Administrador del Sistema', 'Realizó una búsqueda GLOBAL (activos y papelera): \'leo\'', '127.0.0.1'),
(20, '2026-04-27 22:11:23', 1, 'Administrador del Sistema', 'Consultó el expediente detallado de: Leonardo  Díaz Gonzalez (ID: 430)', '127.0.0.1'),
(21, '2026-04-27 22:13:43', 1, 'Administrador del Sistema', 'Realizó una búsqueda GLOBAL (activos y papelera): \'leo\'', '127.0.0.1'),
(22, '2026-04-27 22:13:44', 1, 'Administrador del Sistema', 'Consultó el expediente detallado de: Leonardo  Díaz Gonzalez (ID: 430)', '127.0.0.1'),
(23, '2026-04-27 22:20:19', 1, 'Administrador del Sistema', 'Cerró sesión', '127.0.0.1'),
(27, '2026-04-27 22:33:45', 1, 'Administrador del Sistema', 'Inicio de sesión exitoso: admin', '127.0.0.1'),
(28, '2026-04-27 22:33:51', 1, 'Administrador del Sistema', 'Cerró sesión', '127.0.0.1'),
(34, '2026-04-27 22:53:59', 1, 'Administrador del Sistema', 'Inicio de sesión exitoso: admin', '192.168.1.106'),
(35, '2026-04-27 22:54:11', 1, 'Administrador del Sistema', 'Realizó una búsqueda GLOBAL (activos y papelera): \'Leeo\'', '192.168.1.106'),
(36, '2026-04-27 22:54:14', 1, 'Administrador del Sistema', 'Realizó una búsqueda GLOBAL (activos y papelera): \'Leo\'', '192.168.1.106'),
(37, '2026-04-27 22:54:15', 1, 'Administrador del Sistema', 'Consultó el expediente detallado de: Leonardo  Díaz Gonzalez (ID: 430)', '192.168.1.106'),
(38, '2026-04-27 22:54:30', 1, 'Administrador del Sistema', 'EDITÓ los datos del expediente: Leonardo  Díaz Gonzalez | CI: 99041602385', '192.168.1.106');

-- --------------------------------------------------------

--
-- Estructura de tabla para la tabla `militantes`
--

CREATE TABLE `militantes` (
  `id` int(11) NOT NULL,
  `nombre1` varchar(100) NOT NULL,
  `nombre2` varchar(100) DEFAULT NULL,
  `apellido1` varchar(100) NOT NULL,
  `apellido2` varchar(100) NOT NULL,
  `nombre_completo` varchar(400) NOT NULL,
  `ci` varchar(11) NOT NULL,
  `fecha_nacimiento` date NOT NULL,
  `sexo` enum('M','F') NOT NULL,
  `color_piel` enum('Blanco','Negro') NOT NULL,
  `fecha_pcc` date NOT NULL,
  `nucleo_id` int(11) NOT NULL,
  `centro_trabajo` varchar(255) NOT NULL,
  `cargo` varchar(255) NOT NULL,
  `nivel_escolar` enum('Primaria','Medio','Superior') NOT NULL,
  `graduado_de` varchar(255) DEFAULT NULL,
  `direccion` text NOT NULL,
  `telefono` varchar(50) NOT NULL,
  `condecoraciones` text DEFAULT NULL,
  `ubicacion_id` int(11) DEFAULT NULL,
  `creado_at` timestamp NOT NULL DEFAULT current_timestamp(),
  `actualizado_at` timestamp NOT NULL DEFAULT current_timestamp() ON UPDATE current_timestamp(),
  `deleted_at` datetime DEFAULT NULL
) ENGINE=InnoDB DEFAULT CHARSET=utf8mb4 COLLATE=utf8mb4_unicode_ci;

--
-- Volcado de datos para la tabla `militantes`
--

INSERT INTO `militantes` (`id`, `nombre1`, `nombre2`, `apellido1`, `apellido2`, `nombre_completo`, `ci`, `fecha_nacimiento`, `sexo`, `color_piel`, `fecha_pcc`, `nucleo_id`, `centro_trabajo`, `cargo`, `nivel_escolar`, `graduado_de`, `direccion`, `telefono`, `condecoraciones`, `ubicacion_id`, `creado_at`, `actualizado_at`, `deleted_at`) VALUES
(35, 'erto', 'Carlos', 'Gutiérrez', 'Díaz', 'erto Carlos Gutiérrez Díaz', '82031514782', '1982-03-15', 'M', 'Blanco', '2010-06-12', 1, 'Taller Ferroviario', 'Jefe de Máquina', 'Superior', 'Ingeniero Mecánico', 'Calle Central #10, Pinar del Río', '52889900', '', 1, '2026-04-26 05:23:44', '2026-04-28 01:52:56', NULL),
(36, 'Elena', 'María', 'López', 'Castro', 'Elena María López Castro', '91072245893', '1991-07-22', 'F', 'Blanco', '2015-01-20', 2, 'Hospital Provincial', 'Enfermera Especialista', 'Superior', 'Lic. Enfermería', 'Ave. 20 de Mayo #45', '53445566', NULL, 2, '2026-04-26 05:23:44', '2026-04-26 05:23:44', NULL),
(37, 'Mario', NULL, 'Pérez', 'Rodríguez', 'Mario Pérez Rodríguez', '75110236541', '1975-11-02', 'M', 'Negro', '2000-03-15', 3, 'Empresa Eléctrica', 'Liniero A', 'Medio', 'Técnico Eléctrico', 'Barrio Obrero, Casa 12', '58112233', 'Vanguardia Provincial', 3, '2026-04-26 05:23:44', '2026-04-26 05:23:44', NULL),
(38, 'Carla', 'Inés', 'García', 'Mesa', 'Carla Inés García Mesa', '88053012457', '1988-05-30', 'F', 'Blanco', '2012-09-05', 4, 'Banco Central', 'Auditora', 'Superior', 'Contabilidad', 'Callejón de la Luz #3', '52001122', NULL, 5, '2026-04-26 05:23:44', '2026-04-28 01:51:13', NULL),
(39, 'Luis', 'Alberto', 'Sosa', 'Vila', 'Luis Alberto Sosa Vila', '95011578541', '1995-01-15', 'M', 'Blanco', '2020-02-14', 5, 'Joven Club', 'Instructor', 'Superior', 'Ing. Informática', 'Edificio 4, Apto 12', '54778899', 'Sello Forjadores del Futuro', 4, '2026-04-26 05:23:44', '2026-04-28 01:51:05', NULL),
(40, 'Sofía', NULL, 'Martínez', 'Lugo', 'Sofía Martínez Lugo', '80121245786', '1980-12-12', 'F', 'Negro', '2005-11-30', 6, 'Puerto Local', 'Logística', 'Medio', NULL, 'Zona Portuaria s/n', '55123456', NULL, 6, '2026-04-26 05:23:44', '2026-04-26 05:23:44', NULL),
(41, 'Andrés', 'Felipe', 'Hernández', 'Pino', 'Andrés Felipe Hernández Pino', '72061412365', '1972-06-14', 'M', 'Blanco', '1998-05-20', 7, 'Delegación MININT', 'Oficial', 'Superior', 'Derecho', 'Calle Real #101', '59887766', 'Orden Lázaro Peña', 7, '2026-04-26 05:23:44', '2026-04-26 05:23:44', NULL),
(42, 'Marta', 'Rosa', 'Valdés', 'Reyes', 'Marta Rosa Valdés Reyes', '85090945123', '1985-09-09', 'F', 'Blanco', '2013-08-10', 8, 'Tienda Recaudadora', 'Gerente', 'Superior', 'Lic. Economía', 'Ave. Libertad #200', '52114477', 'Cuadro Destacado', 8, '2026-04-26 05:23:44', '2026-04-26 22:06:26', NULL),
(43, 'Jorge', NULL, 'Blanco', 'Soto', 'Jorge Blanco Soto', '93102078541', '1993-10-20', 'M', 'Negro', '2018-04-12', 1, 'Correo de Cuba', 'Cartero', 'Medio', NULL, 'Callejón del Río #5', '53669988', NULL, 9, '2026-04-26 05:23:44', '2026-04-26 05:23:44', NULL),
(44, 'Lucía', 'Fernanda', 'Duarte', 'Sosa', 'Lucía Fernanda Duarte Sosa', '98042512456', '1998-04-25', 'F', 'Blanco', '2023-12-01', 5, 'Centro de Desarrollo', 'Programadora', 'Superior', 'Ing. Software', 'Km 2 Carretera Viñales', '51009922', NULL, 398, '2026-04-26 05:23:44', '2026-04-26 21:45:14', NULL),
(45, 'Nombre_11', NULL, 'Apel_11', 'Test', 'Nombre_11 Apel_11 Test', '90000000011', '1990-05-15', 'F', 'Blanco', '2015-10-10', 2, 'Empresa de Prueba', 'Especialista', 'Superior', 'Licenciado', 'Dirección registrada #11', '55500011', NULL, 11, '2026-04-26 05:25:55', '2026-04-26 05:25:55', NULL),
(46, 'Nombre_12', NULL, 'Apel_12', 'Test', 'Nombre_12 Apel_12 Test', '90000000012', '1990-05-15', 'M', 'Blanco', '2015-10-10', 2, 'Empresa de Prueba', 'Especialista', 'Superior', 'Licenciado', 'Dirección registrada #12', '55500012', NULL, 12, '2026-04-26 05:25:55', '2026-04-26 05:25:55', NULL),
(47, 'Nombre_13', NULL, 'Apel_13', 'Test', 'Nombre_13 Apel_13 Test', '90000000013', '1990-05-15', 'F', 'Blanco', '2015-10-10', 3, 'Empresa de Prueba', 'Especialista', 'Superior', 'Licenciado', 'Dirección registrada #13', '55500013', NULL, 13, '2026-04-26 05:25:55', '2026-04-26 05:25:55', NULL),
(48, 'Nombre_14', NULL, 'Apel_14', 'Test', 'Nombre_14 Apel_14 Test', '90000000014', '1990-05-15', 'M', 'Blanco', '2015-10-10', 1, 'Empresa de Prueba', 'Especialista', 'Superior', 'Licenciado', 'Dirección registrada #14', '55500014', NULL, 14, '2026-04-26 05:25:55', '2026-04-26 05:25:55', NULL),
(49, 'Nombre_15', NULL, 'Apel_15', 'Test', 'Nombre_15 Apel_15 Test', '90000000015', '1990-05-15', 'F', 'Blanco', '2015-10-10', 3, 'Empresa de Prueba', 'Especialista', 'Superior', 'Licenciado', 'Dirección registrada #15', '55500015', NULL, 15, '2026-04-26 05:25:55', '2026-04-26 05:25:55', NULL),
(50, 'Nombre_16', NULL, 'Apel_16', 'Test', 'Nombre_16 Apel_16 Test', '90000000016', '1990-05-15', 'M', 'Blanco', '2015-10-10', 4, 'Empresa de Prueba', 'Especialista', 'Superior', 'Licenciado', 'Dirección registrada #16', '55500016', NULL, 16, '2026-04-26 05:25:55', '2026-04-26 05:25:55', NULL),
(51, 'Nombre_17', NULL, 'Apel_17', 'Test', 'Nombre_17 Apel_17 Test', '90000000017', '1990-05-15', 'F', 'Blanco', '2015-10-10', 4, 'Empresa de Prueba', 'Especialista', 'Superior', 'Licenciado', 'Dirección registrada #17', '55500017', NULL, 17, '2026-04-26 05:25:55', '2026-04-26 05:25:55', NULL),
(52, 'Nombre_18', NULL, 'Apel_18', 'Test', 'Nombre_18 Apel_18 Test', '90000000018', '1990-05-15', 'M', 'Blanco', '2015-10-10', 7, 'Empresa de Prueba', 'Especialista', 'Superior', 'Licenciado', 'Dirección registrada #18', '55500018', NULL, 18, '2026-04-26 05:25:55', '2026-04-26 05:25:55', NULL),
(53, 'Nombre_19', NULL, 'Apel_19', 'Test', 'Nombre_19 Apel_19 Test', '90000000019', '1990-05-15', 'F', 'Blanco', '2015-10-10', 3, 'Empresa de Prueba', 'Especialista', 'Superior', 'Licenciado', 'Dirección registrada #19', '55500019', NULL, 19, '2026-04-26 05:25:55', '2026-04-26 05:25:55', NULL),
(54, 'Nombre_20', NULL, 'Apel_20', 'Test', 'Nombre_20 Apel_20 Test', '90000000020', '1990-05-15', 'M', 'Blanco', '2015-10-10', 7, 'Empresa de Prueba', 'Especialista', 'Superior', 'Licenciado', 'Dirección registrada #20', '55500020', NULL, 20, '2026-04-26 05:25:55', '2026-04-26 05:25:55', NULL),
(55, 'Nombre_21', NULL, 'Apel_21', 'Test', 'Nombre_21 Apel_21 Test', '90000000021', '1990-05-15', 'F', 'Blanco', '2015-10-10', 5, 'Empresa de Prueba', 'Especialista', 'Superior', 'Licenciado', 'Dirección registrada #21', '55500021', NULL, 21, '2026-04-26 05:25:55', '2026-04-26 05:25:55', NULL),
(56, 'Nombre_22', NULL, 'Apel_22', 'Test', 'Nombre_22 Apel_22 Test', '90000000022', '1990-05-15', 'M', 'Blanco', '2015-10-10', 3, 'Empresa de Prueba', 'Especialista', 'Superior', 'Licenciado', 'Dirección registrada #22', '55500022', NULL, 22, '2026-04-26 05:25:55', '2026-04-26 05:25:55', NULL),
(57, 'Nombre_23', NULL, 'Apel_23', 'Test', 'Nombre_23 Apel_23 Test', '90000000023', '1990-05-15', 'F', 'Blanco', '2015-10-10', 5, 'Empresa de Prueba', 'Especialista', 'Superior', 'Licenciado', 'Dirección registrada #23', '55500023', NULL, 23, '2026-04-26 05:25:55', '2026-04-26 05:25:55', NULL),
(58, 'Nombre_24', NULL, 'Apel_24', 'Test', 'Nombre_24 Apel_24 Test', '90000000024', '1990-05-15', 'M', 'Blanco', '2015-10-10', 2, 'Empresa de Prueba', 'Especialista', 'Superior', 'Licenciado', 'Dirección registrada #24', '55500024', NULL, 24, '2026-04-26 05:25:55', '2026-04-26 05:25:55', NULL),
(59, 'Nombre_25', NULL, 'Apel_25', 'Test', 'Nombre_25 Apel_25 Test', '90000000025', '1990-05-15', 'F', 'Blanco', '2015-10-10', 1, 'Empresa de Prueba', 'Especialista', 'Superior', 'Licenciado', 'Dirección registrada #25', '55500025', NULL, 25, '2026-04-26 05:25:55', '2026-04-26 05:25:55', NULL),
(60, 'Nombre_26', NULL, 'Apel_26', 'Test', 'Nombre_26 Apel_26 Test', '90000000026', '1990-05-15', 'M', 'Blanco', '2015-10-10', 1, 'Empresa de Prueba', 'Especialista', 'Superior', 'Licenciado', 'Dirección registrada #26', '55500026', NULL, 26, '2026-04-26 05:25:55', '2026-04-26 05:25:55', NULL),
(61, 'Nombre_27', NULL, 'Apel_27', 'Test', 'Nombre_27 Apel_27 Test', '90000000027', '1990-05-15', 'F', 'Blanco', '2015-10-10', 6, 'Empresa de Prueba', 'Especialista', 'Superior', 'Licenciado', 'Dirección registrada #27', '55500027', NULL, 27, '2026-04-26 05:25:55', '2026-04-26 05:25:55', NULL),
(62, 'Nombre_28', NULL, 'Apel_28', 'Test', 'Nombre_28 Apel_28 Test', '90000000028', '1990-05-15', 'M', 'Blanco', '2015-10-10', 5, 'Empresa de Prueba', 'Especialista', 'Superior', 'Licenciado', 'Dirección registrada #28', '55500028', NULL, 28, '2026-04-26 05:25:55', '2026-04-26 05:25:55', NULL),
(63, 'Nombre_29', NULL, 'Apel_29', 'Test', 'Nombre_29 Apel_29 Test', '90000000029', '1990-05-15', 'F', 'Blanco', '2015-10-10', 6, 'Empresa de Prueba', 'Especialista', 'Superior', 'Licenciado', 'Dirección registrada #29', '55500029', NULL, 29, '2026-04-26 05:25:55', '2026-04-26 05:25:55', NULL),
(64, 'Nombre_30', NULL, 'Apel_30', 'Test', 'Nombre_30 Apel_30 Test', '90000000030', '1990-05-15', 'M', 'Blanco', '2015-10-10', 2, 'Empresa de Prueba', 'Especialista', 'Superior', 'Licenciado', 'Dirección registrada #30', '55500030', NULL, 30, '2026-04-26 05:25:55', '2026-04-26 05:25:55', NULL),
(65, 'Nombre_31', NULL, 'Apel_31', 'Test', 'Nombre_31 Apel_31 Test', '90000000031', '1990-05-15', 'F', 'Blanco', '2015-10-10', 4, 'Empresa de Prueba', 'Especialista', 'Superior', 'Licenciado', 'Dirección registrada #31', '55500031', NULL, 31, '2026-04-26 05:25:55', '2026-04-26 05:25:55', NULL),
(66, 'Nombre_32', NULL, 'Apel_32', 'Test', 'Nombre_32 Apel_32 Test', '90000000032', '1990-05-15', 'M', 'Blanco', '2015-10-10', 7, 'Empresa de Prueba', 'Especialista', 'Superior', 'Licenciado', 'Dirección registrada #32', '55500032', NULL, 32, '2026-04-26 05:25:55', '2026-04-26 05:25:55', NULL),
(67, 'Nombre_33', NULL, 'Apel_33', 'Test', 'Nombre_33 Apel_33 Test', '90000000033', '1990-05-15', 'F', 'Blanco', '2015-10-10', 3, 'Empresa de Prueba', 'Especialista', 'Superior', 'Licenciado', 'Dirección registrada #33', '55500033', NULL, 33, '2026-04-26 05:25:55', '2026-04-26 05:25:55', NULL),
(68, 'Nombre_34', NULL, 'Apel_34', 'Test', 'Nombre_34 Apel_34 Test', '90000000034', '1990-05-15', 'M', 'Blanco', '2015-10-10', 5, 'Empresa de Prueba', 'Especialista', 'Superior', 'Licenciado', 'Dirección registrada #34', '55500034', NULL, 34, '2026-04-26 05:25:55', '2026-04-26 05:25:55', NULL),
(69, 'Nombre_35', NULL, 'Apel_35', 'Test', 'Nombre_35 Apel_35 Test', '90000000035', '1990-05-15', 'F', 'Blanco', '2015-10-10', 1, 'Empresa de Prueba', 'Especialista', 'Superior', 'Licenciado', 'Dirección registrada #35', '55500035', NULL, 35, '2026-04-26 05:25:55', '2026-04-26 05:25:55', NULL),
(70, 'Nombre_36', NULL, 'Apel_36', 'Test', 'Nombre_36 Apel_36 Test', '90000000036', '1990-05-15', 'M', 'Blanco', '2015-10-10', 6, 'Empresa de Prueba', 'Especialista', 'Superior', 'Licenciado', 'Dirección registrada #36', '55500036', NULL, 36, '2026-04-26 05:25:55', '2026-04-26 05:25:55', NULL),
(71, 'Nombre_37', NULL, 'Apel_37', 'Test', 'Nombre_37 Apel_37 Test', '90000000037', '1990-05-15', 'F', 'Blanco', '2015-10-10', 6, 'Empresa de Prueba', 'Especialista', 'Superior', 'Licenciado', 'Dirección registrada #37', '55500037', NULL, 37, '2026-04-26 05:25:55', '2026-04-26 05:25:55', NULL),
(72, 'Nombre_38', NULL, 'Apel_38', 'Test', 'Nombre_38 Apel_38 Test', '90000000038', '1990-05-15', 'M', 'Blanco', '2015-10-10', 2, 'Empresa de Prueba', 'Especialista', 'Superior', 'Licenciado', 'Dirección registrada #38', '55500038', NULL, 38, '2026-04-26 05:25:55', '2026-04-26 05:25:55', NULL),
(73, 'Nombre_39', NULL, 'Apel_39', 'Test', 'Nombre_39 Apel_39 Test', '90000000039', '1990-05-15', 'F', 'Blanco', '2015-10-10', 1, 'Empresa de Prueba', 'Especialista', 'Superior', 'Licenciado', 'Dirección registrada #39', '55500039', NULL, 39, '2026-04-26 05:25:55', '2026-04-26 05:25:55', NULL),
(74, 'Nombre_40', NULL, 'Apel_40', 'Test', 'Nombre_40 Apel_40 Test', '90000000040', '1990-05-15', 'M', 'Blanco', '2015-10-10', 3, 'Empresa de Prueba', 'Especialista', 'Superior', 'Licenciado', 'Dirección registrada #40', '55500040', NULL, 40, '2026-04-26 05:25:55', '2026-04-26 05:25:55', NULL),
(75, 'Nombre_41', NULL, 'Apel_41', 'Test', 'Nombre_41 Apel_41 Test', '90000000041', '1990-05-15', 'F', 'Blanco', '2015-10-10', 6, 'Empresa de Prueba', 'Especialista', 'Superior', 'Licenciado', 'Dirección registrada #41', '55500041', NULL, 41, '2026-04-26 05:25:55', '2026-04-26 05:25:55', NULL),
(76, 'Nombre_42', NULL, 'Apel_42', 'Test', 'Nombre_42 Apel_42 Test', '90000000042', '1990-05-15', 'M', 'Blanco', '2015-10-10', 7, 'Empresa de Prueba', 'Especialista', 'Superior', 'Licenciado', 'Dirección registrada #42', '55500042', NULL, 42, '2026-04-26 05:25:55', '2026-04-26 05:25:55', NULL),
(77, 'Nombre_43', NULL, 'Apel_43', 'Test', 'Nombre_43 Apel_43 Test', '90000000043', '1990-05-15', 'F', 'Blanco', '2015-10-10', 2, 'Empresa de Prueba', 'Especialista', 'Superior', 'Licenciado', 'Dirección registrada #43', '55500043', NULL, 43, '2026-04-26 05:25:55', '2026-04-26 05:25:55', NULL),
(78, 'Nombre_44', NULL, 'Apel_44', 'Test', 'Nombre_44 Apel_44 Test', '90000000044', '1990-05-15', 'M', 'Blanco', '2015-10-10', 3, 'Empresa de Prueba', 'Especialista', 'Superior', 'Licenciado', 'Dirección registrada #44', '55500044', NULL, 44, '2026-04-26 05:25:55', '2026-04-26 05:25:55', NULL),
(79, 'Nombre_45', NULL, 'Apel_45', 'Test', 'Nombre_45 Apel_45 Test', '90000000045', '1990-05-15', 'F', 'Blanco', '2015-10-10', 3, 'Empresa de Prueba', 'Especialista', 'Superior', 'Licenciado', 'Dirección registrada #45', '55500045', NULL, 45, '2026-04-26 05:25:55', '2026-04-26 05:25:55', NULL),
(80, 'Nombre_46', NULL, 'Apel_46', 'Test', 'Nombre_46 Apel_46 Test', '90000000046', '1990-05-15', 'M', 'Blanco', '2015-10-10', 2, 'Empresa de Prueba', 'Especialista', 'Superior', 'Licenciado', 'Dirección registrada #46', '55500046', NULL, 46, '2026-04-26 05:25:55', '2026-04-26 05:25:55', NULL),
(81, 'Nombre_47', NULL, 'Apel_47', 'Test', 'Nombre_47 Apel_47 Test', '90000000047', '1990-05-15', 'F', 'Blanco', '2015-10-10', 4, 'Empresa de Prueba', 'Especialista', 'Superior', 'Licenciado', 'Dirección registrada #47', '55500047', NULL, 47, '2026-04-26 05:25:55', '2026-04-26 05:25:55', NULL),
(82, 'Nombre_48', NULL, 'Apel_48', 'Test', 'Nombre_48 Apel_48 Test', '90000000048', '1990-05-15', 'M', 'Blanco', '2015-10-10', 5, 'Empresa de Prueba', 'Especialista', 'Superior', 'Licenciado', 'Dirección registrada #48', '55500048', NULL, 48, '2026-04-26 05:25:55', '2026-04-26 05:25:55', NULL),
(83, 'Nombre_49', NULL, 'Apel_49', 'Test', 'Nombre_49 Apel_49 Test', '90000000049', '1990-05-15', 'F', 'Blanco', '2015-10-10', 4, 'Empresa de Prueba', 'Especialista', 'Superior', 'Licenciado', 'Dirección registrada #49', '55500049', NULL, 49, '2026-04-26 05:25:55', '2026-04-26 05:25:55', NULL),
(84, 'Nombre_50', NULL, 'Apel_50', 'Test', 'Nombre_50 Apel_50 Test', '90000000050', '1990-05-15', 'M', 'Blanco', '2015-10-10', 7, 'Empresa de Prueba', 'Especialista', 'Superior', 'Licenciado', 'Dirección registrada #50', '55500050', NULL, 50, '2026-04-26 05:25:55', '2026-04-26 05:25:55', NULL),
(85, 'Nombre_51', NULL, 'Apel_51', 'Test', 'Nombre_51 Apel_51 Test', '90000000051', '1990-05-15', 'F', 'Blanco', '2015-10-10', 1, 'Empresa de Prueba', 'Especialista', 'Superior', 'Licenciado', 'Dirección registrada #51', '55500051', NULL, 51, '2026-04-26 05:25:55', '2026-04-26 05:25:55', NULL),
(86, 'Nombre_52', NULL, 'Apel_52', 'Test', 'Nombre_52 Apel_52 Test', '90000000052', '1990-05-15', 'M', 'Blanco', '2015-10-10', 5, 'Empresa de Prueba', 'Especialista', 'Superior', 'Licenciado', 'Dirección registrada #52', '55500052', NULL, 52, '2026-04-26 05:25:55', '2026-04-26 05:25:55', NULL),
(87, 'Nombre_53', NULL, 'Apel_53', 'Test', 'Nombre_53 Apel_53 Test', '90000000053', '1990-05-15', 'F', 'Blanco', '2015-10-10', 6, 'Empresa de Prueba', 'Especialista', 'Superior', 'Licenciado', 'Dirección registrada #53', '55500053', NULL, 53, '2026-04-26 05:25:55', '2026-04-26 05:25:55', NULL),
(88, 'Nombre_54', NULL, 'Apel_54', 'Test', 'Nombre_54 Apel_54 Test', '90000000054', '1990-05-15', 'M', 'Blanco', '2015-10-10', 7, 'Empresa de Prueba', 'Especialista', 'Superior', 'Licenciado', 'Dirección registrada #54', '55500054', NULL, 54, '2026-04-26 05:25:55', '2026-04-26 05:25:55', NULL),
(89, 'Nombre_55', NULL, 'Apel_55', 'Test', 'Nombre_55 Apel_55 Test', '90000000055', '1990-05-15', 'F', 'Blanco', '2015-10-10', 5, 'Empresa de Prueba', 'Especialista', 'Superior', 'Licenciado', 'Dirección registrada #55', '55500055', NULL, 55, '2026-04-26 05:25:55', '2026-04-26 05:25:55', NULL),
(90, 'Nombre_56', NULL, 'Apel_56', 'Test', 'Nombre_56 Apel_56 Test', '90000000056', '1990-05-15', 'M', 'Blanco', '2015-10-10', 4, 'Empresa de Prueba', 'Especialista', 'Superior', 'Licenciado', 'Dirección registrada #56', '55500056', NULL, 56, '2026-04-26 05:25:55', '2026-04-26 05:25:55', NULL),
(91, 'Nombre_57', NULL, 'Apel_57', 'Test', 'Nombre_57 Apel_57 Test', '90000000057', '1990-05-15', 'F', 'Blanco', '2015-10-10', 3, 'Empresa de Prueba', 'Especialista', 'Superior', 'Licenciado', 'Dirección registrada #57', '55500057', NULL, 57, '2026-04-26 05:25:55', '2026-04-26 05:25:55', NULL),
(92, 'Nombre_58', NULL, 'Apel_58', 'Test', 'Nombre_58 Apel_58 Test', '90000000058', '1990-05-15', 'M', 'Blanco', '2015-10-10', 2, 'Empresa de Prueba', 'Especialista', 'Superior', 'Licenciado', 'Dirección registrada #58', '55500058', NULL, 58, '2026-04-26 05:25:55', '2026-04-26 05:25:55', NULL),
(93, 'Nombre_59', NULL, 'Apel_59', 'Test', 'Nombre_59 Apel_59 Test', '90000000059', '1990-05-15', 'F', 'Blanco', '2015-10-10', 7, 'Empresa de Prueba', 'Especialista', 'Superior', 'Licenciado', 'Dirección registrada #59', '55500059', NULL, 59, '2026-04-26 05:25:55', '2026-04-26 05:25:55', NULL),
(94, 'Nombre_60', NULL, 'Apel_60', 'Test', 'Nombre_60 Apel_60 Test', '90000000060', '1990-05-15', 'M', 'Blanco', '2015-10-10', 3, 'Empresa de Prueba', 'Especialista', 'Superior', 'Licenciado', 'Dirección registrada #60', '55500060', NULL, 60, '2026-04-26 05:25:55', '2026-04-26 05:25:55', NULL),
(95, 'Nombre_61', NULL, 'Apel_61', 'Test', 'Nombre_61 Apel_61 Test', '90000000061', '1990-05-15', 'F', 'Blanco', '2015-10-10', 5, 'Empresa de Prueba', 'Especialista', 'Superior', 'Licenciado', 'Dirección registrada #61', '55500061', NULL, 61, '2026-04-26 05:25:55', '2026-04-26 05:25:55', NULL),
(96, 'Nombre_62', NULL, 'Apel_62', 'Test', 'Nombre_62 Apel_62 Test', '90000000062', '1990-05-15', 'M', 'Blanco', '2015-10-10', 2, 'Empresa de Prueba', 'Especialista', 'Superior', 'Licenciado', 'Dirección registrada #62', '55500062', NULL, 62, '2026-04-26 05:25:55', '2026-04-26 05:25:55', NULL),
(97, 'Nombre_63', NULL, 'Apel_63', 'Test', 'Nombre_63 Apel_63 Test', '90000000063', '1990-05-15', 'F', 'Blanco', '2015-10-10', 3, 'Empresa de Prueba', 'Especialista', 'Superior', 'Licenciado', 'Dirección registrada #63', '55500063', NULL, 63, '2026-04-26 05:25:55', '2026-04-26 05:25:55', NULL),
(98, 'Nombre_64', NULL, 'Apel_64', 'Test', 'Nombre_64 Apel_64 Test', '90000000064', '1990-05-15', 'M', 'Blanco', '2015-10-10', 7, 'Empresa de Prueba', 'Especialista', 'Superior', 'Licenciado', 'Dirección registrada #64', '55500064', NULL, 64, '2026-04-26 05:25:55', '2026-04-26 05:25:55', NULL),
(99, 'Nombre_65', NULL, 'Apel_65', 'Test', 'Nombre_65 Apel_65 Test', '90000000065', '1990-05-15', 'F', 'Blanco', '2015-10-10', 4, 'Empresa de Prueba', 'Especialista', 'Superior', 'Licenciado', 'Dirección registrada #65', '55500065', NULL, 65, '2026-04-26 05:25:55', '2026-04-26 05:25:55', NULL),
(100, 'Nombre_66', NULL, 'Apel_66', 'Test', 'Nombre_66 Apel_66 Test', '90000000066', '1990-05-15', 'M', 'Blanco', '2015-10-10', 4, 'Empresa de Prueba', 'Especialista', 'Superior', 'Licenciado', 'Dirección registrada #66', '55500066', NULL, 66, '2026-04-26 05:25:55', '2026-04-26 05:25:55', NULL),
(101, 'Nombre_67', NULL, 'Apel_67', 'Test', 'Nombre_67 Apel_67 Test', '90000000067', '1990-05-15', 'F', 'Blanco', '2015-10-10', 2, 'Empresa de Prueba', 'Especialista', 'Superior', 'Licenciado', 'Dirección registrada #67', '55500067', NULL, 67, '2026-04-26 05:25:55', '2026-04-26 05:25:55', NULL),
(102, 'Nombre_68', NULL, 'Apel_68', 'Test', 'Nombre_68 Apel_68 Test', '90000000068', '1990-05-15', 'M', 'Blanco', '2015-10-10', 6, 'Empresa de Prueba', 'Especialista', 'Superior', 'Licenciado', 'Dirección registrada #68', '55500068', NULL, 68, '2026-04-26 05:25:55', '2026-04-26 05:25:55', NULL),
(103, 'Nombre_69', NULL, 'Apel_69', 'Test', 'Nombre_69 Apel_69 Test', '90000000069', '1990-05-15', 'F', 'Blanco', '2015-10-10', 2, 'Empresa de Prueba', 'Especialista', 'Superior', 'Licenciado', 'Dirección registrada #69', '55500069', NULL, 69, '2026-04-26 05:25:55', '2026-04-26 05:25:55', NULL),
(104, 'Nombre_70', NULL, 'Apel_70', 'Test', 'Nombre_70 Apel_70 Test', '90000000070', '1990-05-15', 'M', 'Blanco', '2015-10-10', 5, 'Empresa de Prueba', 'Especialista', 'Superior', 'Licenciado', 'Dirección registrada #70', '55500070', NULL, 70, '2026-04-26 05:25:55', '2026-04-26 05:25:55', NULL),
(105, 'Nombre_71', NULL, 'Apel_71', 'Test', 'Nombre_71 Apel_71 Test', '90000000071', '1990-05-15', 'F', 'Blanco', '2015-10-10', 4, 'Empresa de Prueba', 'Especialista', 'Superior', 'Licenciado', 'Dirección registrada #71', '55500071', NULL, 71, '2026-04-26 05:25:55', '2026-04-26 05:25:55', NULL),
(106, 'Nombre_72', NULL, 'Apel_72', 'Test', 'Nombre_72 Apel_72 Test', '90000000072', '1990-05-15', 'M', 'Blanco', '2015-10-10', 7, 'Empresa de Prueba', 'Especialista', 'Superior', 'Licenciado', 'Dirección registrada #72', '55500072', NULL, 72, '2026-04-26 05:25:55', '2026-04-26 05:25:55', NULL),
(107, 'Nombre_73', NULL, 'Apel_73', 'Test', 'Nombre_73 Apel_73 Test', '90000000073', '1990-05-15', 'F', 'Blanco', '2015-10-10', 7, 'Empresa de Prueba', 'Especialista', 'Superior', 'Licenciado', 'Dirección registrada #73', '55500073', NULL, 73, '2026-04-26 05:25:55', '2026-04-26 05:25:55', NULL),
(108, 'Nombre_74', NULL, 'Apel_74', 'Test', 'Nombre_74 Apel_74 Test', '90000000074', '1990-05-15', 'M', 'Blanco', '2015-10-10', 6, 'Empresa de Prueba', 'Especialista', 'Superior', 'Licenciado', 'Dirección registrada #74', '55500074', NULL, 74, '2026-04-26 05:25:55', '2026-04-26 05:25:55', NULL),
(109, 'Nombre_75', NULL, 'Apel_75', 'Test', 'Nombre_75 Apel_75 Test', '90000000075', '1990-05-15', 'F', 'Blanco', '2015-10-10', 7, 'Empresa de Prueba', 'Especialista', 'Superior', 'Licenciado', 'Dirección registrada #75', '55500075', NULL, 75, '2026-04-26 05:25:55', '2026-04-26 05:25:55', NULL),
(110, 'Nombre_76', NULL, 'Apel_76', 'Test', 'Nombre_76 Apel_76 Test', '90000000076', '1990-05-15', 'M', 'Blanco', '2015-10-10', 3, 'Empresa de Prueba', 'Especialista', 'Superior', 'Licenciado', 'Dirección registrada #76', '55500076', NULL, 76, '2026-04-26 05:25:55', '2026-04-26 05:25:55', NULL),
(111, 'Nombre_77', NULL, 'Apel_77', 'Test', 'Nombre_77 Apel_77 Test', '90000000077', '1990-05-15', 'F', 'Blanco', '2015-10-10', 1, 'Empresa de Prueba', 'Especialista', 'Superior', 'Licenciado', 'Dirección registrada #77', '55500077', NULL, 77, '2026-04-26 05:25:55', '2026-04-26 05:25:55', NULL),
(112, 'Nombre_78', NULL, 'Apel_78', 'Test', 'Nombre_78 Apel_78 Test', '90000000078', '1990-05-15', 'M', 'Blanco', '2015-10-10', 4, 'Empresa de Prueba', 'Especialista', 'Superior', 'Licenciado', 'Dirección registrada #78', '55500078', NULL, 78, '2026-04-26 05:25:55', '2026-04-26 05:25:55', NULL),
(113, 'Nombre_79', NULL, 'Apel_79', 'Test', 'Nombre_79 Apel_79 Test', '90000000079', '1990-05-15', 'F', 'Blanco', '2015-10-10', 7, 'Empresa de Prueba', 'Especialista', 'Superior', 'Licenciado', 'Dirección registrada #79', '55500079', NULL, 79, '2026-04-26 05:25:55', '2026-04-26 05:25:55', NULL),
(114, 'Nombre_80', NULL, 'Apel_80', 'Test', 'Nombre_80 Apel_80 Test', '90000000080', '1990-05-15', 'M', 'Blanco', '2015-10-10', 2, 'Empresa de Prueba', 'Especialista', 'Superior', 'Licenciado', 'Dirección registrada #80', '55500080', NULL, 80, '2026-04-26 05:25:55', '2026-04-26 05:25:55', NULL),
(115, 'Nombre_81', NULL, 'Apel_81', 'Test', 'Nombre_81 Apel_81 Test', '90000000081', '1990-05-15', 'F', 'Blanco', '2015-10-10', 3, 'Empresa de Prueba', 'Especialista', 'Superior', 'Licenciado', 'Dirección registrada #81', '55500081', NULL, 81, '2026-04-26 05:25:55', '2026-04-26 05:25:55', NULL),
(116, 'Nombre_82', NULL, 'Apel_82', 'Test', 'Nombre_82 Apel_82 Test', '90000000082', '1990-05-15', 'M', 'Blanco', '2015-10-10', 1, 'Empresa de Prueba', 'Especialista', 'Superior', 'Licenciado', 'Dirección registrada #82', '55500082', NULL, 82, '2026-04-26 05:25:55', '2026-04-26 05:25:55', NULL),
(117, 'Nombre_83', NULL, 'Apel_83', 'Test', 'Nombre_83 Apel_83 Test', '90000000083', '1990-05-15', 'F', 'Blanco', '2015-10-10', 1, 'Empresa de Prueba', 'Especialista', 'Superior', 'Licenciado', 'Dirección registrada #83', '55500083', NULL, 83, '2026-04-26 05:25:55', '2026-04-26 05:25:55', NULL),
(118, 'Nombre_84', NULL, 'Apel_84', 'Test', 'Nombre_84 Apel_84 Test', '90000000084', '1990-05-15', 'M', 'Blanco', '2015-10-10', 3, 'Empresa de Prueba', 'Especialista', 'Superior', 'Licenciado', 'Dirección registrada #84', '55500084', NULL, 84, '2026-04-26 05:25:55', '2026-04-26 05:25:55', NULL),
(119, 'Nombre_85', NULL, 'Apel_85', 'Test', 'Nombre_85 Apel_85 Test', '90000000085', '1990-05-15', 'F', 'Blanco', '2015-10-10', 6, 'Empresa de Prueba', 'Especialista', 'Superior', 'Licenciado', 'Dirección registrada #85', '55500085', NULL, 85, '2026-04-26 05:25:55', '2026-04-26 05:25:55', NULL),
(120, 'Nombre_86', NULL, 'Apel_86', 'Test', 'Nombre_86 Apel_86 Test', '90000000086', '1990-05-15', 'M', 'Blanco', '2015-10-10', 4, 'Empresa de Prueba', 'Especialista', 'Superior', 'Licenciado', 'Dirección registrada #86', '55500086', NULL, 86, '2026-04-26 05:25:55', '2026-04-26 05:25:55', NULL),
(121, 'Nombre_87', NULL, 'Apel_87', 'Test', 'Nombre_87 Apel_87 Test', '90000000087', '1990-05-15', 'F', 'Blanco', '2015-10-10', 2, 'Empresa de Prueba', 'Especialista', 'Superior', 'Licenciado', 'Dirección registrada #87', '55500087', NULL, 87, '2026-04-26 05:25:55', '2026-04-26 05:25:55', NULL),
(122, 'Nombre_88', NULL, 'Apel_88', 'Test', 'Nombre_88 Apel_88 Test', '90000000088', '1990-05-15', 'M', 'Blanco', '2015-10-10', 3, 'Empresa de Prueba', 'Especialista', 'Superior', 'Licenciado', 'Dirección registrada #88', '55500088', NULL, 88, '2026-04-26 05:25:55', '2026-04-26 05:25:55', NULL),
(123, 'Nombre_89', NULL, 'Apel_89', 'Test', 'Nombre_89 Apel_89 Test', '90000000089', '1990-05-15', 'F', 'Blanco', '2015-10-10', 3, 'Empresa de Prueba', 'Especialista', 'Superior', 'Licenciado', 'Dirección registrada #89', '55500089', NULL, 89, '2026-04-26 05:25:55', '2026-04-26 05:25:55', NULL),
(124, 'Nombre_90', NULL, 'Apel_90', 'Test', 'Nombre_90 Apel_90 Test', '90000000090', '1990-05-15', 'M', 'Blanco', '2015-10-10', 6, 'Empresa de Prueba', 'Especialista', 'Superior', 'Licenciado', 'Dirección registrada #90', '55500090', NULL, 90, '2026-04-26 05:25:55', '2026-04-26 05:25:55', NULL),
(125, 'Nombre_91', NULL, 'Apel_91', 'Test', 'Nombre_91 Apel_91 Test', '90000000091', '1990-05-15', 'F', 'Blanco', '2015-10-10', 1, 'Empresa de Prueba', 'Especialista', 'Superior', 'Licenciado', 'Dirección registrada #91', '55500091', NULL, 91, '2026-04-26 05:25:55', '2026-04-26 05:25:55', NULL),
(126, 'Nombre_92', NULL, 'Apel_92', 'Test', 'Nombre_92 Apel_92 Test', '90000000092', '1990-05-15', 'M', 'Blanco', '2015-10-10', 7, 'Empresa de Prueba', 'Especialista', 'Superior', 'Licenciado', 'Dirección registrada #92', '55500092', NULL, 92, '2026-04-26 05:25:55', '2026-04-26 05:25:55', NULL),
(127, 'Nombre_93', NULL, 'Apel_93', 'Test', 'Nombre_93 Apel_93 Test', '90000000093', '1990-05-15', 'F', 'Blanco', '2015-10-10', 2, 'Empresa de Prueba', 'Especialista', 'Superior', 'Licenciado', 'Dirección registrada #93', '55500093', NULL, 93, '2026-04-26 05:25:55', '2026-04-26 05:25:55', NULL),
(128, 'Nombre_94', NULL, 'Apel_94', 'Test', 'Nombre_94 Apel_94 Test', '90000000094', '1990-05-15', 'M', 'Blanco', '2015-10-10', 1, 'Empresa de Prueba', 'Especialista', 'Superior', 'Licenciado', 'Dirección registrada #94', '55500094', NULL, 94, '2026-04-26 05:25:55', '2026-04-26 05:25:55', NULL),
(129, 'Nombre_95', NULL, 'Apel_95', 'Test', 'Nombre_95 Apel_95 Test', '90000000095', '1990-05-15', 'F', 'Blanco', '2015-10-10', 7, 'Empresa de Prueba', 'Especialista', 'Superior', 'Licenciado', 'Dirección registrada #95', '55500095', NULL, 95, '2026-04-26 05:25:55', '2026-04-26 05:25:55', NULL),
(130, 'Nombre_96', NULL, 'Apel_96', 'Test', 'Nombre_96 Apel_96 Test', '90000000096', '1990-05-15', 'M', 'Blanco', '2015-10-10', 4, 'Empresa de Prueba', 'Especialista', 'Superior', 'Licenciado', 'Dirección registrada #96', '55500096', NULL, 96, '2026-04-26 05:25:55', '2026-04-26 05:25:55', NULL),
(131, 'Nombre_97', NULL, 'Apel_97', 'Test', 'Nombre_97 Apel_97 Test', '90000000097', '1990-05-15', 'F', 'Blanco', '2015-10-10', 5, 'Empresa de Prueba', 'Especialista', 'Superior', 'Licenciado', 'Dirección registrada #97', '55500097', NULL, 97, '2026-04-26 05:25:55', '2026-04-26 05:25:55', NULL),
(132, 'Nombre_98', NULL, 'Apel_98', 'Test', 'Nombre_98 Apel_98 Test', '90000000098', '1990-05-15', 'M', 'Blanco', '2015-10-10', 5, 'Empresa de Prueba', 'Especialista', 'Superior', 'Licenciado', 'Dirección registrada #98', '55500098', NULL, 98, '2026-04-26 05:25:55', '2026-04-26 05:25:55', NULL),
(133, 'Nombre_99', NULL, 'Apel_99', 'Test', 'Nombre_99 Apel_99 Test', '90000000099', '1990-05-15', 'F', 'Blanco', '2015-10-10', 5, 'Empresa de Prueba', 'Especialista', 'Superior', 'Licenciado', 'Dirección registrada #99', '55500099', NULL, 342, '2026-04-26 05:25:55', '2026-04-26 23:03:30', NULL),
(134, 'Nombre_100', NULL, 'Apel_100', 'Test', 'Nombre_100 Apel_100 Test', '90000000100', '1990-05-15', 'M', 'Blanco', '2015-10-10', 7, 'Empresa de Prueba', 'Especialista', 'Superior', 'Licenciado', 'Dirección registrada #100', '55500100', NULL, 100, '2026-04-26 05:25:55', '2026-04-26 05:25:55', NULL),
(135, 'Nombre_101', NULL, 'Apel_101', 'Test', 'Nombre_101 Apel_101 Test', '90000000101', '1990-05-15', 'F', 'Blanco', '2015-10-10', 7, 'Empresa de Prueba', 'Especialista', 'Superior', 'Licenciado', 'Dirección registrada #101', '55500101', NULL, 101, '2026-04-26 05:25:55', '2026-04-26 05:25:55', NULL),
(136, 'Nombre_102', NULL, 'Apel_102', 'Test', 'Nombre_102 Apel_102 Test', '90000000102', '1990-05-15', 'M', 'Blanco', '2015-10-10', 6, 'Empresa de Prueba', 'Especialista', 'Superior', 'Licenciado', 'Dirección registrada #102', '55500102', NULL, 102, '2026-04-26 05:25:55', '2026-04-26 05:25:55', NULL),
(137, 'Nombre_103', NULL, 'Apel_103', 'Test', 'Nombre_103 Apel_103 Test', '90000000103', '1990-05-15', 'F', 'Blanco', '2015-10-10', 2, 'Empresa de Prueba', 'Especialista', 'Superior', 'Licenciado', 'Dirección registrada #103', '55500103', NULL, 103, '2026-04-26 05:25:55', '2026-04-26 05:25:55', NULL),
(138, 'Nombre_104', NULL, 'Apel_104', 'Test', 'Nombre_104 Apel_104 Test', '90000000104', '1990-05-15', 'M', 'Blanco', '2015-10-10', 6, 'Empresa de Prueba', 'Especialista', 'Superior', 'Licenciado', 'Dirección registrada #104', '55500104', NULL, 104, '2026-04-26 05:25:55', '2026-04-26 05:25:55', NULL),
(139, 'Nombre_105', NULL, 'Apel_105', 'Test', 'Nombre_105 Apel_105 Test', '90000000105', '1990-05-15', 'F', 'Blanco', '2015-10-10', 2, 'Empresa de Prueba', 'Especialista', 'Superior', 'Licenciado', 'Dirección registrada #105', '55500105', NULL, 105, '2026-04-26 05:25:55', '2026-04-26 05:25:55', NULL),
(140, 'Nombre_106', NULL, 'Apel_106', 'Test', 'Nombre_106 Apel_106 Test', '90000000106', '1990-05-15', 'M', 'Blanco', '2015-10-10', 4, 'Empresa de Prueba', 'Especialista', 'Superior', 'Licenciado', 'Dirección registrada #106', '55500106', NULL, 106, '2026-04-26 05:25:55', '2026-04-26 05:25:55', NULL),
(141, 'Nombre_107', NULL, 'Apel_107', 'Test', 'Nombre_107 Apel_107 Test', '90000000107', '1990-05-15', 'F', 'Blanco', '2015-10-10', 6, 'Empresa de Prueba', 'Especialista', 'Superior', 'Licenciado', 'Dirección registrada #107', '55500107', NULL, 107, '2026-04-26 05:25:55', '2026-04-26 05:25:55', NULL),
(142, 'Nombre_108', NULL, 'Apel_108', 'Test', 'Nombre_108 Apel_108 Test', '90000000108', '1990-05-15', 'M', 'Blanco', '2015-10-10', 5, 'Empresa de Prueba', 'Especialista', 'Superior', 'Licenciado', 'Dirección registrada #108', '55500108', NULL, 108, '2026-04-26 05:25:55', '2026-04-26 05:25:55', NULL),
(143, 'Nombre_109', NULL, 'Apel_109', 'Test', 'Nombre_109 Apel_109 Test', '90000000109', '1990-05-15', 'F', 'Blanco', '2015-10-10', 7, 'Empresa de Prueba', 'Especialista', 'Superior', 'Licenciado', 'Dirección registrada #109', '55500109', NULL, 109, '2026-04-26 05:25:55', '2026-04-26 05:25:55', NULL),
(144, 'Nombre_110', NULL, 'Apel_110', 'Test', 'Nombre_110 Apel_110 Test', '90000000110', '1990-05-15', 'M', 'Blanco', '2015-10-10', 6, 'Empresa de Prueba', 'Especialista', 'Superior', 'Licenciado', 'Dirección registrada #110', '55500110', NULL, 110, '2026-04-26 05:25:55', '2026-04-26 05:25:55', NULL),
(145, 'Nombre_111', NULL, 'Apel_111', 'Test', 'Nombre_111 Apel_111 Test', '90000000111', '1990-05-15', 'F', 'Blanco', '2015-10-10', 1, 'Empresa de Prueba', 'Especialista', 'Superior', 'Licenciado', 'Dirección registrada #111', '55500111', NULL, 111, '2026-04-26 05:25:55', '2026-04-26 05:25:55', NULL),
(146, 'Nombre_112', NULL, 'Apel_112', 'Test', 'Nombre_112 Apel_112 Test', '90000000112', '1990-05-15', 'M', 'Blanco', '2015-10-10', 6, 'Empresa de Prueba', 'Especialista', 'Superior', 'Licenciado', 'Dirección registrada #112', '55500112', NULL, 112, '2026-04-26 05:25:55', '2026-04-26 05:25:55', NULL),
(147, 'Nombre_113', NULL, 'Apel_113', 'Test', 'Nombre_113 Apel_113 Test', '90000000113', '1990-05-15', 'F', 'Blanco', '2015-10-10', 7, 'Empresa de Prueba', 'Especialista', 'Superior', 'Licenciado', 'Dirección registrada #113', '55500113', NULL, 113, '2026-04-26 05:25:55', '2026-04-26 05:25:55', NULL),
(148, 'Nombre_114', NULL, 'Apel_114', 'Test', 'Nombre_114 Apel_114 Test', '90000000114', '1990-05-15', 'M', 'Blanco', '2015-10-10', 7, 'Empresa de Prueba', 'Especialista', 'Superior', 'Licenciado', 'Dirección registrada #114', '55500114', NULL, 114, '2026-04-26 05:25:55', '2026-04-26 05:25:55', NULL),
(149, 'Nombre_115', NULL, 'Apel_115', 'Test', 'Nombre_115 Apel_115 Test', '90000000115', '1990-05-15', 'F', 'Blanco', '2015-10-10', 3, 'Empresa de Prueba', 'Especialista', 'Superior', 'Licenciado', 'Dirección registrada #115', '55500115', NULL, 115, '2026-04-26 05:25:55', '2026-04-26 05:25:55', NULL),
(150, 'Nombre_116', NULL, 'Apel_116', 'Test', 'Nombre_116 Apel_116 Test', '90000000116', '1990-05-15', 'M', 'Blanco', '2015-10-10', 5, 'Empresa de Prueba', 'Especialista', 'Superior', 'Licenciado', 'Dirección registrada #116', '55500116', NULL, 116, '2026-04-26 05:25:55', '2026-04-26 05:25:55', NULL),
(151, 'Nombre_117', NULL, 'Apel_117', 'Test', 'Nombre_117 Apel_117 Test', '90000000117', '1990-05-15', 'F', 'Blanco', '2015-10-10', 3, 'Empresa de Prueba', 'Especialista', 'Superior', 'Licenciado', 'Dirección registrada #117', '55500117', NULL, 117, '2026-04-26 05:25:55', '2026-04-26 05:25:55', NULL),
(152, 'Nombre_118', NULL, 'Apel_118', 'Test', 'Nombre_118 Apel_118 Test', '90000000118', '1990-05-15', 'M', 'Blanco', '2015-10-10', 5, 'Empresa de Prueba', 'Especialista', 'Superior', 'Licenciado', 'Dirección registrada #118', '55500118', NULL, 118, '2026-04-26 05:25:55', '2026-04-26 05:25:55', NULL),
(153, 'Nombre_119', NULL, 'Apel_119', 'Test', 'Nombre_119 Apel_119 Test', '90000000119', '1990-05-15', 'F', 'Blanco', '2015-10-10', 1, 'Empresa de Prueba', 'Especialista', 'Superior', 'Licenciado', 'Dirección registrada #119', '55500119', NULL, 119, '2026-04-26 05:25:55', '2026-04-26 05:25:55', NULL),
(154, 'Nombre_120', NULL, 'Apel_120', 'Test', 'Nombre_120 Apel_120 Test', '90000000120', '1990-05-15', 'M', 'Blanco', '2015-10-10', 4, 'Empresa de Prueba', 'Especialista', 'Superior', 'Licenciado', 'Dirección registrada #120', '55500120', NULL, 120, '2026-04-26 05:25:55', '2026-04-26 05:25:55', NULL),
(155, 'Nombre_121', NULL, 'Apel_121', 'Test', 'Nombre_121 Apel_121 Test', '90000000121', '1990-05-15', 'F', 'Blanco', '2015-10-10', 3, 'Empresa de Prueba', 'Especialista', 'Superior', 'Licenciado', 'Dirección registrada #121', '55500121', NULL, 121, '2026-04-26 05:25:55', '2026-04-26 05:25:55', NULL),
(156, 'Nombre_122', NULL, 'Apel_122', 'Test', 'Nombre_122 Apel_122 Test', '90000000122', '1990-05-15', 'M', 'Blanco', '2015-10-10', 1, 'Empresa de Prueba', 'Especialista', 'Superior', 'Licenciado', 'Dirección registrada #122', '55500122', NULL, 122, '2026-04-26 05:25:55', '2026-04-26 05:25:55', NULL),
(157, 'Nombre_123', NULL, 'Apel_123', 'Test', 'Nombre_123 Apel_123 Test', '90000000123', '1990-05-15', 'F', 'Blanco', '2015-10-10', 5, 'Empresa de Prueba', 'Especialista', 'Superior', 'Licenciado', 'Dirección registrada #123', '55500123', NULL, 123, '2026-04-26 05:25:55', '2026-04-26 05:25:55', NULL),
(158, 'Nombre_124', NULL, 'Apel_124', 'Test', 'Nombre_124 Apel_124 Test', '90000000124', '1990-05-15', 'M', 'Blanco', '2015-10-10', 6, 'Empresa de Prueba', 'Especialista', 'Superior', 'Licenciado', 'Dirección registrada #124', '55500124', NULL, 124, '2026-04-26 05:25:55', '2026-04-26 05:25:55', NULL),
(159, 'Nombre_125', NULL, 'Apel_125', 'Test', 'Nombre_125 Apel_125 Test', '90000000125', '1990-05-15', 'F', 'Blanco', '2015-10-10', 2, 'Empresa de Prueba', 'Especialista', 'Superior', 'Licenciado', 'Dirección registrada #125', '55500125', NULL, 125, '2026-04-26 05:25:55', '2026-04-26 05:25:55', NULL),
(160, 'Nombre_126', NULL, 'Apel_126', 'Test', 'Nombre_126 Apel_126 Test', '90000000126', '1990-05-15', 'M', 'Blanco', '2015-10-10', 7, 'Empresa de Prueba', 'Especialista', 'Superior', 'Licenciado', 'Dirección registrada #126', '55500126', NULL, 126, '2026-04-26 05:25:55', '2026-04-26 05:25:55', NULL),
(161, 'Nombre_127', NULL, 'Apel_127', 'Test', 'Nombre_127 Apel_127 Test', '90000000127', '1990-05-15', 'F', 'Blanco', '2015-10-10', 5, 'Empresa de Prueba', 'Especialista', 'Superior', 'Licenciado', 'Dirección registrada #127', '55500127', NULL, 127, '2026-04-26 05:25:55', '2026-04-26 05:25:55', NULL),
(162, 'Nombre_128', NULL, 'Apel_128', 'Test', 'Nombre_128 Apel_128 Test', '90000000128', '1990-05-15', 'M', 'Blanco', '2015-10-10', 3, 'Empresa de Prueba', 'Especialista', 'Superior', 'Licenciado', 'Dirección registrada #128', '55500128', NULL, 128, '2026-04-26 05:25:55', '2026-04-26 05:25:55', NULL),
(163, 'Nombre_129', NULL, 'Apel_129', 'Test', 'Nombre_129 Apel_129 Test', '90000000129', '1990-05-15', 'F', 'Blanco', '2015-10-10', 6, 'Empresa de Prueba', 'Especialista', 'Superior', 'Licenciado', 'Dirección registrada #129', '55500129', NULL, 129, '2026-04-26 05:25:55', '2026-04-26 05:25:55', NULL),
(164, 'Nombre_130', NULL, 'Apel_130', 'Test', 'Nombre_130 Apel_130 Test', '90000000130', '1990-05-15', 'M', 'Blanco', '2015-10-10', 2, 'Empresa de Prueba', 'Especialista', 'Superior', 'Licenciado', 'Dirección registrada #130', '55500130', NULL, 130, '2026-04-26 05:25:55', '2026-04-26 05:25:55', NULL),
(165, 'Nombre_131', NULL, 'Apel_131', 'Test', 'Nombre_131 Apel_131 Test', '90000000131', '1990-05-15', 'F', 'Blanco', '2015-10-10', 4, 'Empresa de Prueba', 'Especialista', 'Superior', 'Licenciado', 'Dirección registrada #131', '55500131', NULL, 131, '2026-04-26 05:25:55', '2026-04-26 05:25:55', NULL),
(166, 'Nombre_132', NULL, 'Apel_132', 'Test', 'Nombre_132 Apel_132 Test', '90000000132', '1990-05-15', 'M', 'Blanco', '2015-10-10', 6, 'Empresa de Prueba', 'Especialista', 'Superior', 'Licenciado', 'Dirección registrada #132', '55500132', NULL, 132, '2026-04-26 05:25:55', '2026-04-26 05:25:55', NULL),
(167, 'Nombre_133', NULL, 'Apel_133', 'Test', 'Nombre_133 Apel_133 Test', '90000000133', '1990-05-15', 'F', 'Blanco', '2015-10-10', 6, 'Empresa de Prueba', 'Especialista', 'Superior', 'Licenciado', 'Dirección registrada #133', '55500133', NULL, 133, '2026-04-26 05:25:55', '2026-04-26 05:25:55', NULL),
(168, 'Nombre_134', NULL, 'Apel_134', 'Test', 'Nombre_134 Apel_134 Test', '90000000134', '1990-05-15', 'M', 'Blanco', '2015-10-10', 2, 'Empresa de Prueba', 'Especialista', 'Superior', 'Licenciado', 'Dirección registrada #134', '55500134', NULL, 134, '2026-04-26 05:25:55', '2026-04-26 05:25:55', NULL),
(169, 'Nombre_135', NULL, 'Apel_135', 'Test', 'Nombre_135 Apel_135 Test', '90000000135', '1990-05-15', 'F', 'Blanco', '2015-10-10', 7, 'Empresa de Prueba', 'Especialista', 'Superior', 'Licenciado', 'Dirección registrada #135', '55500135', NULL, 135, '2026-04-26 05:25:55', '2026-04-26 05:25:55', NULL),
(170, 'Nombre_136', NULL, 'Apel_136', 'Test', 'Nombre_136 Apel_136 Test', '90000000136', '1990-05-15', 'M', 'Blanco', '2015-10-10', 7, 'Empresa de Prueba', 'Especialista', 'Superior', 'Licenciado', 'Dirección registrada #136', '55500136', NULL, 136, '2026-04-26 05:25:55', '2026-04-26 05:25:55', NULL),
(171, 'Nombre_137', NULL, 'Apel_137', 'Test', 'Nombre_137 Apel_137 Test', '90000000137', '1990-05-15', 'F', 'Blanco', '2015-10-10', 7, 'Empresa de Prueba', 'Especialista', 'Superior', 'Licenciado', 'Dirección registrada #137', '55500137', NULL, 137, '2026-04-26 05:25:55', '2026-04-26 05:25:55', NULL),
(172, 'Nombre_138', NULL, 'Apel_138', 'Test', 'Nombre_138 Apel_138 Test', '90000000138', '1990-05-15', 'M', 'Blanco', '2015-10-10', 1, 'Empresa de Prueba', 'Especialista', 'Superior', 'Licenciado', 'Dirección registrada #138', '55500138', NULL, 138, '2026-04-26 05:25:55', '2026-04-26 05:25:55', NULL),
(173, 'Nombre_139', NULL, 'Apel_139', 'Test', 'Nombre_139 Apel_139 Test', '90000000139', '1990-05-15', 'F', 'Blanco', '2015-10-10', 3, 'Empresa de Prueba', 'Especialista', 'Superior', 'Licenciado', 'Dirección registrada #139', '55500139', NULL, 139, '2026-04-26 05:25:55', '2026-04-26 05:25:55', NULL),
(174, 'Nombre_140', NULL, 'Apel_140', 'Test', 'Nombre_140 Apel_140 Test', '90000000140', '1990-05-15', 'M', 'Blanco', '2015-10-10', 5, 'Empresa de Prueba', 'Especialista', 'Superior', 'Licenciado', 'Dirección registrada #140', '55500140', NULL, 140, '2026-04-26 05:25:55', '2026-04-26 05:25:55', NULL),
(175, 'Nombre_141', NULL, 'Apel_141', 'Test', 'Nombre_141 Apel_141 Test', '90000000141', '1990-05-15', 'F', 'Blanco', '2015-10-10', 3, 'Empresa de Prueba', 'Especialista', 'Superior', 'Licenciado', 'Dirección registrada #141', '55500141', NULL, 141, '2026-04-26 05:25:55', '2026-04-26 05:25:55', NULL),
(176, 'Nombre_142', NULL, 'Apel_142', 'Test', 'Nombre_142 Apel_142 Test', '90000000142', '1990-05-15', 'M', 'Blanco', '2015-10-10', 4, 'Empresa de Prueba', 'Especialista', 'Superior', 'Licenciado', 'Dirección registrada #142', '55500142', NULL, 142, '2026-04-26 05:25:55', '2026-04-26 05:25:55', NULL),
(177, 'Nombre_143', NULL, 'Apel_143', 'Test', 'Nombre_143 Apel_143 Test', '90000000143', '1990-05-15', 'F', 'Blanco', '2015-10-10', 5, 'Empresa de Prueba', 'Especialista', 'Superior', 'Licenciado', 'Dirección registrada #143', '55500143', NULL, 143, '2026-04-26 05:25:55', '2026-04-26 05:25:55', NULL),
(178, 'Nombre_144', NULL, 'Apel_144', 'Test', 'Nombre_144 Apel_144 Test', '90000000144', '1990-05-15', 'M', 'Blanco', '2015-10-10', 4, 'Empresa de Prueba', 'Especialista', 'Superior', 'Licenciado', 'Dirección registrada #144', '55500144', NULL, 144, '2026-04-26 05:25:55', '2026-04-26 05:25:55', NULL),
(179, 'Nombre_145', NULL, 'Apel_145', 'Test', 'Nombre_145 Apel_145 Test', '90000000145', '1990-05-15', 'F', 'Blanco', '2015-10-10', 5, 'Empresa de Prueba', 'Especialista', 'Superior', 'Licenciado', 'Dirección registrada #145', '55500145', NULL, 145, '2026-04-26 05:25:55', '2026-04-26 05:25:55', NULL),
(180, 'Nombre_146', NULL, 'Apel_146', 'Test', 'Nombre_146 Apel_146 Test', '90000000146', '1990-05-15', 'M', 'Blanco', '2015-10-10', 5, 'Empresa de Prueba', 'Especialista', 'Superior', 'Licenciado', 'Dirección registrada #146', '55500146', NULL, 146, '2026-04-26 05:25:55', '2026-04-26 05:25:55', NULL),
(181, 'Nombre_147', NULL, 'Apel_147', 'Test', 'Nombre_147 Apel_147 Test', '90000000147', '1990-05-15', 'F', 'Blanco', '2015-10-10', 5, 'Empresa de Prueba', 'Especialista', 'Superior', 'Licenciado', 'Dirección registrada #147', '55500147', NULL, 147, '2026-04-26 05:25:55', '2026-04-26 05:25:55', NULL),
(182, 'Nombre_148', NULL, 'Apel_148', 'Test', 'Nombre_148 Apel_148 Test', '90000000148', '1990-05-15', 'M', 'Blanco', '2015-10-10', 6, 'Empresa de Prueba', 'Especialista', 'Superior', 'Licenciado', 'Dirección registrada #148', '55500148', NULL, 148, '2026-04-26 05:25:55', '2026-04-26 05:25:55', NULL),
(183, 'Nombre_149', NULL, 'Apel_149', 'Test', 'Nombre_149 Apel_149 Test', '90000000149', '1990-05-15', 'F', 'Blanco', '2015-10-10', 2, 'Empresa de Prueba', 'Especialista', 'Superior', 'Licenciado', 'Dirección registrada #149', '55500149', NULL, 149, '2026-04-26 05:25:55', '2026-04-26 05:25:55', NULL),
(184, 'Nombre_150', NULL, 'Apel_150', 'Test', 'Nombre_150 Apel_150 Test', '90000000150', '1990-05-15', 'M', 'Blanco', '2015-10-10', 6, 'Empresa de Prueba', 'Especialista', 'Superior', 'Licenciado', 'Dirección registrada #150', '55500150', NULL, 150, '2026-04-26 05:25:55', '2026-04-26 05:25:55', NULL),
(185, 'Nombre_151', NULL, 'Apel_151', 'Test', 'Nombre_151 Apel_151 Test', '90000000151', '1990-05-15', 'F', 'Blanco', '2015-10-10', 3, 'Empresa de Prueba', 'Especialista', 'Superior', 'Licenciado', 'Dirección registrada #151', '55500151', NULL, 151, '2026-04-26 05:25:55', '2026-04-26 05:25:55', NULL),
(186, 'Nombre_152', NULL, 'Apel_152', 'Test', 'Nombre_152 Apel_152 Test', '90000000152', '1990-05-15', 'M', 'Blanco', '2015-10-10', 1, 'Empresa de Prueba', 'Especialista', 'Superior', 'Licenciado', 'Dirección registrada #152', '55500152', NULL, 152, '2026-04-26 05:25:55', '2026-04-26 05:25:55', NULL),
(187, 'Nombre_153', NULL, 'Apel_153', 'Test', 'Nombre_153 Apel_153 Test', '90000000153', '1990-05-15', 'F', 'Blanco', '2015-10-10', 5, 'Empresa de Prueba', 'Especialista', 'Superior', 'Licenciado', 'Dirección registrada #153', '55500153', NULL, 153, '2026-04-26 05:25:55', '2026-04-26 05:25:55', NULL),
(188, 'Nombre_154', NULL, 'Apel_154', 'Test', 'Nombre_154 Apel_154 Test', '90000000154', '1990-05-15', 'M', 'Blanco', '2015-10-10', 1, 'Empresa de Prueba', 'Especialista', 'Superior', 'Licenciado', 'Dirección registrada #154', '55500154', NULL, 154, '2026-04-26 05:25:55', '2026-04-26 05:25:55', NULL),
(189, 'Nombre_155', NULL, 'Apel_155', 'Test', 'Nombre_155 Apel_155 Test', '90000000155', '1990-05-15', 'F', 'Blanco', '2015-10-10', 5, 'Empresa de Prueba', 'Especialista', 'Superior', 'Licenciado', 'Dirección registrada #155', '55500155', NULL, 155, '2026-04-26 05:25:55', '2026-04-26 05:25:55', NULL),
(190, 'Nombre_156', NULL, 'Apel_156', 'Test', 'Nombre_156 Apel_156 Test', '90000000156', '1990-05-15', 'M', 'Blanco', '2015-10-10', 4, 'Empresa de Prueba', 'Especialista', 'Superior', 'Licenciado', 'Dirección registrada #156', '55500156', NULL, 156, '2026-04-26 05:25:55', '2026-04-26 05:25:55', NULL),
(191, 'Nombre_157', NULL, 'Apel_157', 'Test', 'Nombre_157 Apel_157 Test', '90000000157', '1990-05-15', 'F', 'Blanco', '2015-10-10', 6, 'Empresa de Prueba', 'Especialista', 'Superior', 'Licenciado', 'Dirección registrada #157', '55500157', NULL, 157, '2026-04-26 05:25:55', '2026-04-26 05:25:55', NULL),
(192, 'Nombre_158', NULL, 'Apel_158', 'Test', 'Nombre_158 Apel_158 Test', '90000000158', '1990-05-15', 'M', 'Blanco', '2015-10-10', 2, 'Empresa de Prueba', 'Especialista', 'Superior', 'Licenciado', 'Dirección registrada #158', '55500158', NULL, 158, '2026-04-26 05:25:55', '2026-04-26 05:25:55', NULL),
(193, 'Nombre_159', NULL, 'Apel_159', 'Test', 'Nombre_159 Apel_159 Test', '90000000159', '1990-05-15', 'F', 'Blanco', '2015-10-10', 7, 'Empresa de Prueba', 'Especialista', 'Superior', 'Licenciado', 'Dirección registrada #159', '55500159', NULL, 159, '2026-04-26 05:25:55', '2026-04-26 05:25:55', NULL),
(194, 'Nombre_160', NULL, 'Apel_160', 'Test', 'Nombre_160 Apel_160 Test', '90000000160', '1990-05-15', 'M', 'Blanco', '2015-10-10', 2, 'Empresa de Prueba', 'Especialista', 'Superior', 'Licenciado', 'Dirección registrada #160', '55500160', NULL, 160, '2026-04-26 05:25:55', '2026-04-26 05:25:55', NULL),
(195, 'Nombre_161', NULL, 'Apel_161', 'Test', 'Nombre_161 Apel_161 Test', '90000000161', '1990-05-15', 'F', 'Blanco', '2015-10-10', 6, 'Empresa de Prueba', 'Especialista', 'Superior', 'Licenciado', 'Dirección registrada #161', '55500161', NULL, 161, '2026-04-26 05:25:55', '2026-04-26 05:25:55', NULL),
(196, 'Nombre_162', NULL, 'Apel_162', 'Test', 'Nombre_162 Apel_162 Test', '90000000162', '1990-05-15', 'M', 'Blanco', '2015-10-10', 6, 'Empresa de Prueba', 'Especialista', 'Superior', 'Licenciado', 'Dirección registrada #162', '55500162', NULL, 162, '2026-04-26 05:25:55', '2026-04-26 05:25:55', NULL),
(197, 'Nombre_163', NULL, 'Apel_163', 'Test', 'Nombre_163 Apel_163 Test', '90000000163', '1990-05-15', 'F', 'Blanco', '2015-10-10', 2, 'Empresa de Prueba', 'Especialista', 'Superior', 'Licenciado', 'Dirección registrada #163', '55500163', NULL, 163, '2026-04-26 05:25:55', '2026-04-26 05:25:55', NULL),
(198, 'Nombre_164', NULL, 'Apel_164', 'Test', 'Nombre_164 Apel_164 Test', '90000000164', '1990-05-15', 'M', 'Blanco', '2015-10-10', 5, 'Empresa de Prueba', 'Especialista', 'Superior', 'Licenciado', 'Dirección registrada #164', '55500164', NULL, 164, '2026-04-26 05:25:55', '2026-04-26 05:25:55', NULL),
(199, 'Nombre_165', NULL, 'Apel_165', 'Test', 'Nombre_165 Apel_165 Test', '90000000165', '1990-05-15', 'F', 'Blanco', '2015-10-10', 4, 'Empresa de Prueba', 'Especialista', 'Superior', 'Licenciado', 'Dirección registrada #165', '55500165', NULL, 165, '2026-04-26 05:25:55', '2026-04-26 05:25:55', NULL),
(200, 'Nombre_166', NULL, 'Apel_166', 'Test', 'Nombre_166 Apel_166 Test', '90000000166', '1990-05-15', 'M', 'Blanco', '2015-10-10', 4, 'Empresa de Prueba', 'Especialista', 'Superior', 'Licenciado', 'Dirección registrada #166', '55500166', NULL, 166, '2026-04-26 05:25:55', '2026-04-26 05:25:55', NULL),
(201, 'Nombre_167', NULL, 'Apel_167', 'Test', 'Nombre_167 Apel_167 Test', '90000000167', '1990-05-15', 'F', 'Blanco', '2015-10-10', 1, 'Empresa de Prueba', 'Especialista', 'Superior', 'Licenciado', 'Dirección registrada #167', '55500167', NULL, 167, '2026-04-26 05:25:55', '2026-04-26 05:25:55', NULL);
INSERT INTO `militantes` (`id`, `nombre1`, `nombre2`, `apellido1`, `apellido2`, `nombre_completo`, `ci`, `fecha_nacimiento`, `sexo`, `color_piel`, `fecha_pcc`, `nucleo_id`, `centro_trabajo`, `cargo`, `nivel_escolar`, `graduado_de`, `direccion`, `telefono`, `condecoraciones`, `ubicacion_id`, `creado_at`, `actualizado_at`, `deleted_at`) VALUES
(202, 'Nombre_168', NULL, 'Apel_168', 'Test', 'Nombre_168 Apel_168 Test', '90000000168', '1990-05-15', 'M', 'Blanco', '2015-10-10', 7, 'Empresa de Prueba', 'Especialista', 'Superior', 'Licenciado', 'Dirección registrada #168', '55500168', NULL, 168, '2026-04-26 05:25:55', '2026-04-26 05:25:55', NULL),
(203, 'Nombre_169', NULL, 'Apel_169', 'Test', 'Nombre_169 Apel_169 Test', '90000000169', '1990-05-15', 'F', 'Blanco', '2015-10-10', 2, 'Empresa de Prueba', 'Especialista', 'Superior', 'Licenciado', 'Dirección registrada #169', '55500169', NULL, 169, '2026-04-26 05:25:55', '2026-04-26 05:25:55', NULL),
(204, 'Nombre_170', NULL, 'Apel_170', 'Test', 'Nombre_170 Apel_170 Test', '90000000170', '1990-05-15', 'M', 'Blanco', '2015-10-10', 2, 'Empresa de Prueba', 'Especialista', 'Superior', 'Licenciado', 'Dirección registrada #170', '55500170', NULL, 170, '2026-04-26 05:25:55', '2026-04-26 05:25:55', NULL),
(205, 'Nombre_171', NULL, 'Apel_171', 'Test', 'Nombre_171 Apel_171 Test', '90000000171', '1990-05-15', 'F', 'Blanco', '2015-10-10', 4, 'Empresa de Prueba', 'Especialista', 'Superior', 'Licenciado', 'Dirección registrada #171', '55500171', NULL, 171, '2026-04-26 05:25:55', '2026-04-26 05:25:55', NULL),
(206, 'Nombre_172', NULL, 'Apel_172', 'Test', 'Nombre_172 Apel_172 Test', '90000000172', '1990-05-15', 'M', 'Blanco', '2015-10-10', 6, 'Empresa de Prueba', 'Especialista', 'Superior', 'Licenciado', 'Dirección registrada #172', '55500172', NULL, 172, '2026-04-26 05:25:55', '2026-04-26 05:25:55', NULL),
(207, 'Nombre_173', NULL, 'Apel_173', 'Test', 'Nombre_173 Apel_173 Test', '90000000173', '1990-05-15', 'F', 'Blanco', '2015-10-10', 5, 'Empresa de Prueba', 'Especialista', 'Superior', 'Licenciado', 'Dirección registrada #173', '55500173', NULL, 173, '2026-04-26 05:25:55', '2026-04-26 05:25:55', NULL),
(208, 'Nombre_174', NULL, 'Apel_174', 'Test', 'Nombre_174 Apel_174 Test', '90000000174', '1990-05-15', 'M', 'Blanco', '2015-10-10', 1, 'Empresa de Prueba', 'Especialista', 'Superior', 'Licenciado', 'Dirección registrada #174', '55500174', NULL, 174, '2026-04-26 05:25:55', '2026-04-26 05:25:55', NULL),
(209, 'Nombre_175', NULL, 'Apel_175', 'Test', 'Nombre_175 Apel_175 Test', '90000000175', '1990-05-15', 'F', 'Blanco', '2015-10-10', 7, 'Empresa de Prueba', 'Especialista', 'Superior', 'Licenciado', 'Dirección registrada #175', '55500175', NULL, 175, '2026-04-26 05:25:55', '2026-04-26 05:25:55', NULL),
(210, 'Nombre_176', NULL, 'Apel_176', 'Test', 'Nombre_176 Apel_176 Test', '90000000176', '1990-05-15', 'M', 'Blanco', '2015-10-10', 6, 'Empresa de Prueba', 'Especialista', 'Superior', 'Licenciado', 'Dirección registrada #176', '55500176', NULL, 176, '2026-04-26 05:25:55', '2026-04-26 05:25:55', NULL),
(211, 'Nombre_177', NULL, 'Apel_177', 'Test', 'Nombre_177 Apel_177 Test', '90000000177', '1990-05-15', 'F', 'Blanco', '2015-10-10', 1, 'Empresa de Prueba', 'Especialista', 'Superior', 'Licenciado', 'Dirección registrada #177', '55500177', NULL, 177, '2026-04-26 05:25:55', '2026-04-26 05:25:55', NULL),
(212, 'Nombre_178', NULL, 'Apel_178', 'Test', 'Nombre_178 Apel_178 Test', '90000000178', '1990-05-15', 'M', 'Blanco', '2015-10-10', 2, 'Empresa de Prueba', 'Especialista', 'Superior', 'Licenciado', 'Dirección registrada #178', '55500178', NULL, 178, '2026-04-26 05:25:55', '2026-04-26 05:25:55', NULL),
(213, 'Nombre_179', NULL, 'Apel_179', 'Test', 'Nombre_179 Apel_179 Test', '90000000179', '1990-05-15', 'F', 'Blanco', '2015-10-10', 7, 'Empresa de Prueba', 'Especialista', 'Superior', 'Licenciado', 'Dirección registrada #179', '55500179', NULL, 179, '2026-04-26 05:25:55', '2026-04-26 05:25:55', NULL),
(214, 'Nombre_180', NULL, 'Apel_180', 'Test', 'Nombre_180 Apel_180 Test', '90000000180', '1990-05-15', 'M', 'Blanco', '2015-10-10', 7, 'Empresa de Prueba', 'Especialista', 'Superior', 'Licenciado', 'Dirección registrada #180', '55500180', NULL, 180, '2026-04-26 05:25:55', '2026-04-26 05:25:55', NULL),
(215, 'Nombre_181', NULL, 'Apel_181', 'Test', 'Nombre_181 Apel_181 Test', '90000000181', '1990-05-15', 'F', 'Blanco', '2015-10-10', 6, 'Empresa de Prueba', 'Especialista', 'Superior', 'Licenciado', 'Dirección registrada #181', '55500181', NULL, 181, '2026-04-26 05:25:55', '2026-04-26 05:25:55', NULL),
(216, 'Nombre_182', NULL, 'Apel_182', 'Test', 'Nombre_182 Apel_182 Test', '90000000182', '1990-05-15', 'M', 'Blanco', '2015-10-10', 2, 'Empresa de Prueba', 'Especialista', 'Superior', 'Licenciado', 'Dirección registrada #182', '55500182', NULL, 182, '2026-04-26 05:25:55', '2026-04-26 05:25:55', NULL),
(217, 'Nombre_183', NULL, 'Apel_183', 'Test', 'Nombre_183 Apel_183 Test', '90000000183', '1990-05-15', 'F', 'Blanco', '2015-10-10', 6, 'Empresa de Prueba', 'Especialista', 'Superior', 'Licenciado', 'Dirección registrada #183', '55500183', NULL, 183, '2026-04-26 05:25:55', '2026-04-26 05:25:55', NULL),
(218, 'Nombre_184', NULL, 'Apel_184', 'Test', 'Nombre_184 Apel_184 Test', '90000000184', '1990-05-15', 'M', 'Blanco', '2015-10-10', 1, 'Empresa de Prueba', 'Especialista', 'Superior', 'Licenciado', 'Dirección registrada #184', '55500184', NULL, 184, '2026-04-26 05:25:55', '2026-04-26 05:25:55', NULL),
(219, 'Nombre_185', NULL, 'Apel_185', 'Test', 'Nombre_185 Apel_185 Test', '90000000185', '1990-05-15', 'F', 'Blanco', '2015-10-10', 1, 'Empresa de Prueba', 'Especialista', 'Superior', 'Licenciado', 'Dirección registrada #185', '55500185', NULL, 185, '2026-04-26 05:25:55', '2026-04-26 05:25:55', NULL),
(220, 'Nombre_186', NULL, 'Apel_186', 'Test', 'Nombre_186 Apel_186 Test', '90000000186', '1990-05-15', 'M', 'Blanco', '2015-10-10', 3, 'Empresa de Prueba', 'Especialista', 'Superior', 'Licenciado', 'Dirección registrada #186', '55500186', NULL, 186, '2026-04-26 05:25:55', '2026-04-26 05:25:55', NULL),
(221, 'Nombre_187', NULL, 'Apel_187', 'Test', 'Nombre_187 Apel_187 Test', '90000000187', '1990-05-15', 'F', 'Blanco', '2015-10-10', 5, 'Empresa de Prueba', 'Especialista', 'Superior', 'Licenciado', 'Dirección registrada #187', '55500187', NULL, 187, '2026-04-26 05:25:55', '2026-04-26 05:25:55', NULL),
(222, 'Nombre_188', NULL, 'Apel_188', 'Test', 'Nombre_188 Apel_188 Test', '90000000188', '1990-05-15', 'M', 'Blanco', '2015-10-10', 7, 'Empresa de Prueba', 'Especialista', 'Superior', 'Licenciado', 'Dirección registrada #188', '55500188', NULL, 188, '2026-04-26 05:25:55', '2026-04-26 05:25:55', NULL),
(223, 'Nombre_189', NULL, 'Apel_189', 'Test', 'Nombre_189 Apel_189 Test', '90000000189', '1990-05-15', 'F', 'Blanco', '2015-10-10', 5, 'Empresa de Prueba', 'Especialista', 'Superior', 'Licenciado', 'Dirección registrada #189', '55500189', NULL, 189, '2026-04-26 05:25:55', '2026-04-26 05:25:55', NULL),
(224, 'Nombre_190', NULL, 'Apel_190', 'Test', 'Nombre_190 Apel_190 Test', '90000000190', '1990-05-15', 'M', 'Blanco', '2015-10-10', 6, 'Empresa de Prueba', 'Especialista', 'Superior', 'Licenciado', 'Dirección registrada #190', '55500190', NULL, 190, '2026-04-26 05:25:55', '2026-04-26 05:25:55', NULL),
(225, 'Nombre_191', NULL, 'Apel_191', 'Test', 'Nombre_191 Apel_191 Test', '90000000191', '1990-05-15', 'F', 'Blanco', '2015-10-10', 4, 'Empresa de Prueba', 'Especialista', 'Superior', 'Licenciado', 'Dirección registrada #191', '55500191', NULL, 191, '2026-04-26 05:25:55', '2026-04-26 05:25:55', NULL),
(226, 'Nombre_192', NULL, 'Apel_192', 'Test', 'Nombre_192 Apel_192 Test', '90000000192', '1990-05-15', 'M', 'Blanco', '2015-10-10', 4, 'Empresa de Prueba', 'Especialista', 'Superior', 'Licenciado', 'Dirección registrada #192', '55500192', NULL, 192, '2026-04-26 05:25:55', '2026-04-26 05:25:55', NULL),
(227, 'Nombre_193', NULL, 'Apel_193', 'Test', 'Nombre_193 Apel_193 Test', '90000000193', '1990-05-15', 'F', 'Blanco', '2015-10-10', 7, 'Empresa de Prueba', 'Especialista', 'Superior', 'Licenciado', 'Dirección registrada #193', '55500193', NULL, 193, '2026-04-26 05:25:55', '2026-04-26 05:25:55', NULL),
(228, 'Nombre_194', NULL, 'Apel_194', 'Test', 'Nombre_194 Apel_194 Test', '90000000194', '1990-05-15', 'M', 'Blanco', '2015-10-10', 3, 'Empresa de Prueba', 'Especialista', 'Superior', 'Licenciado', 'Dirección registrada #194', '55500194', NULL, 194, '2026-04-26 05:25:55', '2026-04-26 05:25:55', NULL),
(229, 'Nombre_195', NULL, 'Apel_195', 'Test', 'Nombre_195 Apel_195 Test', '90000000195', '1990-05-15', 'F', 'Blanco', '2015-10-10', 7, 'Empresa de Prueba', 'Especialista', 'Superior', 'Licenciado', 'Dirección registrada #195', '55500195', NULL, 195, '2026-04-26 05:25:55', '2026-04-26 05:25:55', NULL),
(230, 'Nombre_196', NULL, 'Apel_196', 'Test', 'Nombre_196 Apel_196 Test', '90000000196', '1990-05-15', 'M', 'Blanco', '2015-10-10', 6, 'Empresa de Prueba', 'Especialista', 'Superior', 'Licenciado', 'Dirección registrada #196', '55500196', NULL, 196, '2026-04-26 05:25:55', '2026-04-26 05:25:55', NULL),
(231, 'Nombre_197', NULL, 'Apel_197', 'Test', 'Nombre_197 Apel_197 Test', '90000000197', '1990-05-15', 'F', 'Blanco', '2015-10-10', 5, 'Empresa de Prueba', 'Especialista', 'Superior', 'Licenciado', 'Dirección registrada #197', '55500197', NULL, 197, '2026-04-26 05:25:55', '2026-04-26 05:25:55', NULL),
(232, 'Nombre_198', NULL, 'Apel_198', 'Test', 'Nombre_198 Apel_198 Test', '90000000198', '1990-05-15', 'M', 'Blanco', '2015-10-10', 2, 'Empresa de Prueba', 'Especialista', 'Superior', 'Licenciado', 'Dirección registrada #198', '55500198', NULL, 198, '2026-04-26 05:25:55', '2026-04-26 05:25:55', NULL),
(233, 'Nombre_199', NULL, 'Apel_199', 'Test', 'Nombre_199 Apel_199 Test', '90000000199', '1990-05-15', 'F', 'Blanco', '2015-10-10', 1, 'Empresa de Prueba', 'Especialista', 'Superior', 'Licenciado', 'Dirección registrada #199', '55500199', NULL, 199, '2026-04-26 05:25:55', '2026-04-26 23:03:28', NULL),
(234, 'Nombre_200', NULL, 'Apel_200', 'Test', 'Nombre_200 Apel_200 Test', '90000000200', '1990-05-15', 'M', 'Blanco', '2015-10-10', 5, 'Empresa de Prueba', 'Especialista', 'Superior', 'Licenciado', 'Dirección registrada #200', '55500200', NULL, 200, '2026-04-26 05:25:55', '2026-04-26 05:25:55', NULL),
(235, 'Nombre_201', NULL, 'Apel_201', 'Test', 'Nombre_201 Apel_201 Test', '90000000201', '1990-05-15', 'F', 'Blanco', '2015-10-10', 6, 'Empresa de Prueba', 'Especialista', 'Superior', 'Licenciado', 'Dirección registrada #201', '55500201', NULL, 201, '2026-04-26 05:25:55', '2026-04-26 05:25:55', NULL),
(236, 'Nombre_202', NULL, 'Apel_202', 'Test', 'Nombre_202 Apel_202 Test', '90000000202', '1990-05-15', 'M', 'Blanco', '2015-10-10', 4, 'Empresa de Prueba', 'Especialista', 'Superior', 'Licenciado', 'Dirección registrada #202', '55500202', NULL, 202, '2026-04-26 05:25:55', '2026-04-26 05:25:55', NULL),
(237, 'Nombre_203', NULL, 'Apel_203', 'Test', 'Nombre_203 Apel_203 Test', '90000000203', '1990-05-15', 'F', 'Blanco', '2015-10-10', 5, 'Empresa de Prueba', 'Especialista', 'Superior', 'Licenciado', 'Dirección registrada #203', '55500203', NULL, 203, '2026-04-26 05:25:55', '2026-04-26 05:25:55', NULL),
(238, 'Nombre_204', NULL, 'Apel_204', 'Test', 'Nombre_204 Apel_204 Test', '90000000204', '1990-05-15', 'M', 'Blanco', '2015-10-10', 7, 'Empresa de Prueba', 'Especialista', 'Superior', 'Licenciado', 'Dirección registrada #204', '55500204', NULL, 204, '2026-04-26 05:25:55', '2026-04-26 05:25:55', NULL),
(239, 'Nombre_205', NULL, 'Apel_205', 'Test', 'Nombre_205 Apel_205 Test', '90000000205', '1990-05-15', 'F', 'Blanco', '2015-10-10', 7, 'Empresa de Prueba', 'Especialista', 'Superior', 'Licenciado', 'Dirección registrada #205', '55500205', NULL, 205, '2026-04-26 05:25:55', '2026-04-26 05:25:55', NULL),
(240, 'Nombre_206', NULL, 'Apel_206', 'Test', 'Nombre_206 Apel_206 Test', '90000000206', '1990-05-15', 'M', 'Blanco', '2015-10-10', 4, 'Empresa de Prueba', 'Especialista', 'Superior', 'Licenciado', 'Dirección registrada #206', '55500206', NULL, 206, '2026-04-26 05:25:55', '2026-04-26 05:25:55', NULL),
(241, 'Nombre_207', NULL, 'Apel_207', 'Test', 'Nombre_207 Apel_207 Test', '90000000207', '1990-05-15', 'F', 'Blanco', '2015-10-10', 4, 'Empresa de Prueba', 'Especialista', 'Superior', 'Licenciado', 'Dirección registrada #207', '55500207', NULL, 207, '2026-04-26 05:25:55', '2026-04-26 05:25:55', NULL),
(242, 'Nombre_208', NULL, 'Apel_208', 'Test', 'Nombre_208 Apel_208 Test', '90000000208', '1990-05-15', 'M', 'Blanco', '2015-10-10', 4, 'Empresa de Prueba', 'Especialista', 'Superior', 'Licenciado', 'Dirección registrada #208', '55500208', NULL, 208, '2026-04-26 05:25:55', '2026-04-26 05:25:55', NULL),
(243, 'Nombre_209', NULL, 'Apel_209', 'Test', 'Nombre_209 Apel_209 Test', '90000000209', '1990-05-15', 'F', 'Blanco', '2015-10-10', 6, 'Empresa de Prueba', 'Especialista', 'Superior', 'Licenciado', 'Dirección registrada #209', '55500209', NULL, 209, '2026-04-26 05:25:55', '2026-04-26 05:25:55', NULL),
(244, 'Nombre_210', NULL, 'Apel_210', 'Test', 'Nombre_210 Apel_210 Test', '90000000210', '1990-05-15', 'M', 'Blanco', '2015-10-10', 5, 'Empresa de Prueba', 'Especialista', 'Superior', 'Licenciado', 'Dirección registrada #210', '55500210', NULL, 210, '2026-04-26 05:25:55', '2026-04-26 05:25:55', NULL),
(245, 'Nombre_211', NULL, 'Apel_211', 'Test', 'Nombre_211 Apel_211 Test', '90000000211', '1990-05-15', 'F', 'Blanco', '2015-10-10', 7, 'Empresa de Prueba', 'Especialista', 'Superior', 'Licenciado', 'Dirección registrada #211', '55500211', NULL, 211, '2026-04-26 05:25:55', '2026-04-26 05:25:55', NULL),
(246, 'Nombre_212', NULL, 'Apel_212', 'Test', 'Nombre_212 Apel_212 Test', '90000000212', '1990-05-15', 'M', 'Blanco', '2015-10-10', 6, 'Empresa de Prueba', 'Especialista', 'Superior', 'Licenciado', 'Dirección registrada #212', '55500212', NULL, 212, '2026-04-26 05:25:55', '2026-04-26 05:25:55', NULL),
(247, 'Nombre_213', NULL, 'Apel_213', 'Test', 'Nombre_213 Apel_213 Test', '90000000213', '1990-05-15', 'F', 'Blanco', '2015-10-10', 2, 'Empresa de Prueba', 'Especialista', 'Superior', 'Licenciado', 'Dirección registrada #213', '55500213', NULL, 213, '2026-04-26 05:25:55', '2026-04-26 05:25:55', NULL),
(248, 'Nombre_214', NULL, 'Apel_214', 'Test', 'Nombre_214 Apel_214 Test', '90000000214', '1990-05-15', 'M', 'Blanco', '2015-10-10', 6, 'Empresa de Prueba', 'Especialista', 'Superior', 'Licenciado', 'Dirección registrada #214', '55500214', NULL, 214, '2026-04-26 05:25:55', '2026-04-26 05:25:55', NULL),
(249, 'Nombre_215', NULL, 'Apel_215', 'Test', 'Nombre_215 Apel_215 Test', '90000000215', '1990-05-15', 'F', 'Blanco', '2015-10-10', 7, 'Empresa de Prueba', 'Especialista', 'Superior', 'Licenciado', 'Dirección registrada #215', '55500215', NULL, 215, '2026-04-26 05:25:55', '2026-04-26 05:25:55', NULL),
(250, 'Nombre_216', NULL, 'Apel_216', 'Test', 'Nombre_216 Apel_216 Test', '90000000216', '1990-05-15', 'M', 'Blanco', '2015-10-10', 3, 'Empresa de Prueba', 'Especialista', 'Superior', 'Licenciado', 'Dirección registrada #216', '55500216', NULL, 216, '2026-04-26 05:25:55', '2026-04-26 05:25:55', NULL),
(251, 'Nombre_217', NULL, 'Apel_217', 'Test', 'Nombre_217 Apel_217 Test', '90000000217', '1990-05-15', 'F', 'Blanco', '2015-10-10', 3, 'Empresa de Prueba', 'Especialista', 'Superior', 'Licenciado', 'Dirección registrada #217', '55500217', NULL, 217, '2026-04-26 05:25:55', '2026-04-26 05:25:55', NULL),
(252, 'Nombre_218', NULL, 'Apel_218', 'Test', 'Nombre_218 Apel_218 Test', '90000000218', '1990-05-15', 'M', 'Blanco', '2015-10-10', 2, 'Empresa de Prueba', 'Especialista', 'Superior', 'Licenciado', 'Dirección registrada #218', '55500218', NULL, 218, '2026-04-26 05:25:55', '2026-04-26 05:25:55', NULL),
(253, 'Nombre_219', NULL, 'Apel_219', 'Test', 'Nombre_219 Apel_219 Test', '90000000219', '1990-05-15', 'F', 'Blanco', '2015-10-10', 2, 'Empresa de Prueba', 'Especialista', 'Superior', 'Licenciado', 'Dirección registrada #219', '55500219', NULL, 219, '2026-04-26 05:25:55', '2026-04-26 05:25:55', NULL),
(254, 'Nombre_220', NULL, 'Apel_220', 'Test', 'Nombre_220 Apel_220 Test', '90000000220', '1990-05-15', 'M', 'Blanco', '2015-10-10', 3, 'Empresa de Prueba', 'Especialista', 'Superior', 'Licenciado', 'Dirección registrada #220', '55500220', NULL, 220, '2026-04-26 05:25:55', '2026-04-26 05:25:55', NULL),
(255, 'Nombre_221', NULL, 'Apel_221', 'Test', 'Nombre_221 Apel_221 Test', '90000000221', '1990-05-15', 'F', 'Blanco', '2015-10-10', 3, 'Empresa de Prueba', 'Especialista', 'Superior', 'Licenciado', 'Dirección registrada #221', '55500221', NULL, 221, '2026-04-26 05:25:55', '2026-04-26 05:25:55', NULL),
(256, 'Nombre_222', NULL, 'Apel_222', 'Test', 'Nombre_222 Apel_222 Test', '90000000222', '1990-05-15', 'M', 'Blanco', '2015-10-10', 5, 'Empresa de Prueba', 'Especialista', 'Superior', 'Licenciado', 'Dirección registrada #222', '55500222', NULL, 222, '2026-04-26 05:25:55', '2026-04-26 05:25:55', NULL),
(257, 'Nombre_223', NULL, 'Apel_223', 'Test', 'Nombre_223 Apel_223 Test', '90000000223', '1990-05-15', 'F', 'Blanco', '2015-10-10', 3, 'Empresa de Prueba', 'Especialista', 'Superior', 'Licenciado', 'Dirección registrada #223', '55500223', NULL, 223, '2026-04-26 05:25:55', '2026-04-26 05:25:55', NULL),
(258, 'Nombre_224', NULL, 'Apel_224', 'Test', 'Nombre_224 Apel_224 Test', '90000000224', '1990-05-15', 'M', 'Blanco', '2015-10-10', 5, 'Empresa de Prueba', 'Especialista', 'Superior', 'Licenciado', 'Dirección registrada #224', '55500224', NULL, 224, '2026-04-26 05:25:55', '2026-04-26 05:25:55', NULL),
(259, 'Nombre_225', NULL, 'Apel_225', 'Test', 'Nombre_225 Apel_225 Test', '90000000225', '1990-05-15', 'F', 'Blanco', '2015-10-10', 1, 'Empresa de Prueba', 'Especialista', 'Superior', 'Licenciado', 'Dirección registrada #225', '55500225', NULL, 225, '2026-04-26 05:25:55', '2026-04-26 05:25:55', NULL),
(260, 'Nombre_226', NULL, 'Apel_226', 'Test', 'Nombre_226 Apel_226 Test', '90000000226', '1990-05-15', 'M', 'Blanco', '2015-10-10', 2, 'Empresa de Prueba', 'Especialista', 'Superior', 'Licenciado', 'Dirección registrada #226', '55500226', NULL, 226, '2026-04-26 05:25:55', '2026-04-26 05:25:55', NULL),
(261, 'Nombre_227', NULL, 'Apel_227', 'Test', 'Nombre_227 Apel_227 Test', '90000000227', '1990-05-15', 'F', 'Blanco', '2015-10-10', 2, 'Empresa de Prueba', 'Especialista', 'Superior', 'Licenciado', 'Dirección registrada #227', '55500227', NULL, 227, '2026-04-26 05:25:55', '2026-04-26 05:25:55', NULL),
(262, 'Nombre_228', NULL, 'Apel_228', 'Test', 'Nombre_228 Apel_228 Test', '90000000228', '1990-05-15', 'M', 'Blanco', '2015-10-10', 2, 'Empresa de Prueba', 'Especialista', 'Superior', 'Licenciado', 'Dirección registrada #228', '55500228', NULL, 228, '2026-04-26 05:25:55', '2026-04-26 05:25:55', NULL),
(263, 'Nombre_229', NULL, 'Apel_229', 'Test', 'Nombre_229 Apel_229 Test', '90000000229', '1990-05-15', 'F', 'Blanco', '2015-10-10', 5, 'Empresa de Prueba', 'Especialista', 'Superior', 'Licenciado', 'Dirección registrada #229', '55500229', NULL, 229, '2026-04-26 05:25:55', '2026-04-26 05:25:55', NULL),
(264, 'Nombre_230', NULL, 'Apel_230', 'Test', 'Nombre_230 Apel_230 Test', '90000000230', '1990-05-15', 'M', 'Blanco', '2015-10-10', 5, 'Empresa de Prueba', 'Especialista', 'Superior', 'Licenciado', 'Dirección registrada #230', '55500230', NULL, 230, '2026-04-26 05:25:55', '2026-04-26 05:25:55', NULL),
(265, 'Nombre_231', NULL, 'Apel_231', 'Test', 'Nombre_231 Apel_231 Test', '90000000231', '1990-05-15', 'F', 'Blanco', '2015-10-10', 3, 'Empresa de Prueba', 'Especialista', 'Superior', 'Licenciado', 'Dirección registrada #231', '55500231', NULL, 231, '2026-04-26 05:25:55', '2026-04-26 05:25:55', NULL),
(266, 'Nombre_232', NULL, 'Apel_232', 'Test', 'Nombre_232 Apel_232 Test', '90000000232', '1990-05-15', 'M', 'Blanco', '2015-10-10', 4, 'Empresa de Prueba', 'Especialista', 'Superior', 'Licenciado', 'Dirección registrada #232', '55500232', NULL, 232, '2026-04-26 05:25:55', '2026-04-26 05:25:55', NULL),
(267, 'Nombre_233', NULL, 'Apel_233', 'Test', 'Nombre_233 Apel_233 Test', '90000000233', '1990-05-15', 'F', 'Blanco', '2015-10-10', 6, 'Empresa de Prueba', 'Especialista', 'Superior', 'Licenciado', 'Dirección registrada #233', '55500233', NULL, 233, '2026-04-26 05:25:55', '2026-04-26 05:25:55', NULL),
(268, 'Nombre_234', NULL, 'Apel_234', 'Test', 'Nombre_234 Apel_234 Test', '90000000234', '1990-05-15', 'M', 'Blanco', '2015-10-10', 1, 'Empresa de Prueba', 'Especialista', 'Superior', 'Licenciado', 'Dirección registrada #234', '55500234', NULL, 234, '2026-04-26 05:25:55', '2026-04-26 05:25:55', NULL),
(269, 'Nombre_235', NULL, 'Apel_235', 'Test', 'Nombre_235 Apel_235 Test', '90000000235', '1990-05-15', 'F', 'Blanco', '2015-10-10', 3, 'Empresa de Prueba', 'Especialista', 'Superior', 'Licenciado', 'Dirección registrada #235', '55500235', NULL, 235, '2026-04-26 05:25:55', '2026-04-26 05:25:55', NULL),
(270, 'Nombre_236', NULL, 'Apel_236', 'Test', 'Nombre_236 Apel_236 Test', '90000000236', '1990-05-15', 'M', 'Blanco', '2015-10-10', 4, 'Empresa de Prueba', 'Especialista', 'Superior', 'Licenciado', 'Dirección registrada #236', '55500236', NULL, 236, '2026-04-26 05:25:55', '2026-04-26 05:25:55', NULL),
(271, 'Nombre_237', NULL, 'Apel_237', 'Test', 'Nombre_237 Apel_237 Test', '90000000237', '1990-05-15', 'F', 'Blanco', '2015-10-10', 1, 'Empresa de Prueba', 'Especialista', 'Superior', 'Licenciado', 'Dirección registrada #237', '55500237', NULL, 237, '2026-04-26 05:25:55', '2026-04-26 05:25:55', NULL),
(272, 'Nombre_238', NULL, 'Apel_238', 'Test', 'Nombre_238 Apel_238 Test', '90000000238', '1990-05-15', 'M', 'Blanco', '2015-10-10', 3, 'Empresa de Prueba', 'Especialista', 'Superior', 'Licenciado', 'Dirección registrada #238', '55500238', NULL, 238, '2026-04-26 05:25:55', '2026-04-26 05:25:55', NULL),
(273, 'Nombre_239', NULL, 'Apel_239', 'Test', 'Nombre_239 Apel_239 Test', '90000000239', '1990-05-15', 'F', 'Blanco', '2015-10-10', 2, 'Empresa de Prueba', 'Especialista', 'Superior', 'Licenciado', 'Dirección registrada #239', '55500239', NULL, 239, '2026-04-26 05:25:55', '2026-04-26 05:25:55', NULL),
(274, 'Nombre_240', NULL, 'Apel_240', 'Test', 'Nombre_240 Apel_240 Test', '90000000240', '1990-05-15', 'M', 'Blanco', '2015-10-10', 2, 'Empresa de Prueba', 'Especialista', 'Superior', 'Licenciado', 'Dirección registrada #240', '55500240', NULL, 240, '2026-04-26 05:25:55', '2026-04-26 05:25:55', NULL),
(275, 'Nombre_241', NULL, 'Apel_241', 'Test', 'Nombre_241 Apel_241 Test', '90000000241', '1990-05-15', 'F', 'Blanco', '2015-10-10', 2, 'Empresa de Prueba', 'Especialista', 'Superior', 'Licenciado', 'Dirección registrada #241', '55500241', NULL, 241, '2026-04-26 05:25:55', '2026-04-26 05:25:55', NULL),
(276, 'Nombre_242', NULL, 'Apel_242', 'Test', 'Nombre_242 Apel_242 Test', '90000000242', '1990-05-15', 'M', 'Blanco', '2015-10-10', 5, 'Empresa de Prueba', 'Especialista', 'Superior', 'Licenciado', 'Dirección registrada #242', '55500242', NULL, 242, '2026-04-26 05:25:55', '2026-04-26 05:25:55', NULL),
(277, 'Nombre_243', NULL, 'Apel_243', 'Test', 'Nombre_243 Apel_243 Test', '90000000243', '1990-05-15', 'F', 'Blanco', '2015-10-10', 4, 'Empresa de Prueba', 'Especialista', 'Superior', 'Licenciado', 'Dirección registrada #243', '55500243', NULL, 243, '2026-04-26 05:25:55', '2026-04-26 05:25:55', NULL),
(278, 'Nombre_244', NULL, 'Apel_244', 'Test', 'Nombre_244 Apel_244 Test', '90000000244', '1990-05-15', 'M', 'Blanco', '2015-10-10', 4, 'Empresa de Prueba', 'Especialista', 'Superior', 'Licenciado', 'Dirección registrada #244', '55500244', NULL, 244, '2026-04-26 05:25:55', '2026-04-26 05:25:55', NULL),
(279, 'Nombre_245', NULL, 'Apel_245', 'Test', 'Nombre_245 Apel_245 Test', '90000000245', '1990-05-15', 'F', 'Blanco', '2015-10-10', 6, 'Empresa de Prueba', 'Especialista', 'Superior', 'Licenciado', 'Dirección registrada #245', '55500245', NULL, 245, '2026-04-26 05:25:55', '2026-04-26 05:25:55', NULL),
(280, 'Nombre_246', NULL, 'Apel_246', 'Test', 'Nombre_246 Apel_246 Test', '90000000246', '1990-05-15', 'M', 'Blanco', '2015-10-10', 4, 'Empresa de Prueba', 'Especialista', 'Superior', 'Licenciado', 'Dirección registrada #246', '55500246', NULL, 246, '2026-04-26 05:25:55', '2026-04-26 05:25:55', NULL),
(281, 'Nombre_247', NULL, 'Apel_247', 'Test', 'Nombre_247 Apel_247 Test', '90000000247', '1990-05-15', 'F', 'Blanco', '2015-10-10', 7, 'Empresa de Prueba', 'Especialista', 'Superior', 'Licenciado', 'Dirección registrada #247', '55500247', NULL, 247, '2026-04-26 05:25:55', '2026-04-26 05:25:55', NULL),
(282, 'Nombre_248', NULL, 'Apel_248', 'Test', 'Nombre_248 Apel_248 Test', '90000000248', '1990-05-15', 'M', 'Blanco', '2015-10-10', 3, 'Empresa de Prueba', 'Especialista', 'Superior', 'Licenciado', 'Dirección registrada #248', '55500248', NULL, 248, '2026-04-26 05:25:55', '2026-04-26 05:25:55', NULL),
(283, 'Nombre_249', NULL, 'Apel_249', 'Test', 'Nombre_249 Apel_249 Test', '90000000249', '1990-05-15', 'F', 'Blanco', '2015-10-10', 2, 'Empresa de Prueba', 'Especialista', 'Superior', 'Licenciado', 'Dirección registrada #249', '55500249', NULL, 249, '2026-04-26 05:25:55', '2026-04-26 05:25:55', NULL),
(284, 'Nombre_250', NULL, 'Apel_250', 'Test', 'Nombre_250 Apel_250 Test', '90000000250', '1990-05-15', 'M', 'Blanco', '2015-10-10', 7, 'Empresa de Prueba', 'Especialista', 'Superior', 'Licenciado', 'Dirección registrada #250', '55500250', NULL, 250, '2026-04-26 05:25:55', '2026-04-26 05:25:55', NULL),
(285, 'Nombre_251', NULL, 'Apel_251', 'Test', 'Nombre_251 Apel_251 Test', '90000000251', '1990-05-15', 'F', 'Blanco', '2015-10-10', 1, 'Empresa de Prueba', 'Especialista', 'Superior', 'Licenciado', 'Dirección registrada #251', '55500251', NULL, 251, '2026-04-26 05:25:55', '2026-04-26 05:25:55', NULL),
(286, 'Nombre_252', NULL, 'Apel_252', 'Test', 'Nombre_252 Apel_252 Test', '90000000252', '1990-05-15', 'M', 'Blanco', '2015-10-10', 5, 'Empresa de Prueba', 'Especialista', 'Superior', 'Licenciado', 'Dirección registrada #252', '55500252', NULL, 252, '2026-04-26 05:25:55', '2026-04-26 05:25:55', NULL),
(287, 'Nombre_253', NULL, 'Apel_253', 'Test', 'Nombre_253 Apel_253 Test', '90000000253', '1990-05-15', 'F', 'Blanco', '2015-10-10', 6, 'Empresa de Prueba', 'Especialista', 'Superior', 'Licenciado', 'Dirección registrada #253', '55500253', NULL, 253, '2026-04-26 05:25:55', '2026-04-26 05:25:55', NULL),
(288, 'Nombre_254', NULL, 'Apel_254', 'Test', 'Nombre_254 Apel_254 Test', '90000000254', '1990-05-15', 'M', 'Blanco', '2015-10-10', 2, 'Empresa de Prueba', 'Especialista', 'Superior', 'Licenciado', 'Dirección registrada #254', '55500254', NULL, 254, '2026-04-26 05:25:55', '2026-04-26 05:25:55', NULL),
(289, 'Nombre_255', NULL, 'Apel_255', 'Test', 'Nombre_255 Apel_255 Test', '90000000255', '1990-05-15', 'F', 'Blanco', '2015-10-10', 4, 'Empresa de Prueba', 'Especialista', 'Superior', 'Licenciado', 'Dirección registrada #255', '55500255', NULL, 255, '2026-04-26 05:25:55', '2026-04-26 05:25:55', NULL),
(290, 'Nombre_256', NULL, 'Apel_256', 'Test', 'Nombre_256 Apel_256 Test', '90000000256', '1990-05-15', 'M', 'Blanco', '2015-10-10', 5, 'Empresa de Prueba', 'Especialista', 'Superior', 'Licenciado', 'Dirección registrada #256', '55500256', NULL, 256, '2026-04-26 05:25:55', '2026-04-26 05:25:55', NULL),
(291, 'Nombre_257', NULL, 'Apel_257', 'Test', 'Nombre_257 Apel_257 Test', '90000000257', '1990-05-15', 'F', 'Blanco', '2015-10-10', 1, 'Empresa de Prueba', 'Especialista', 'Superior', 'Licenciado', 'Dirección registrada #257', '55500257', NULL, 257, '2026-04-26 05:25:55', '2026-04-26 05:25:55', NULL),
(292, 'Nombre_258', NULL, 'Apel_258', 'Test', 'Nombre_258 Apel_258 Test', '90000000258', '1990-05-15', 'M', 'Blanco', '2015-10-10', 2, 'Empresa de Prueba', 'Especialista', 'Superior', 'Licenciado', 'Dirección registrada #258', '55500258', NULL, 258, '2026-04-26 05:25:55', '2026-04-26 05:25:55', NULL),
(293, 'Nombre_259', NULL, 'Apel_259', 'Test', 'Nombre_259 Apel_259 Test', '90000000259', '1990-05-15', 'F', 'Blanco', '2015-10-10', 2, 'Empresa de Prueba', 'Especialista', 'Superior', 'Licenciado', 'Dirección registrada #259', '55500259', NULL, 259, '2026-04-26 05:25:55', '2026-04-26 05:25:55', NULL),
(294, 'Nombre_260', NULL, 'Apel_260', 'Test', 'Nombre_260 Apel_260 Test', '90000000260', '1990-05-15', 'M', 'Blanco', '2015-10-10', 1, 'Empresa de Prueba', 'Especialista', 'Superior', 'Licenciado', 'Dirección registrada #260', '55500260', NULL, 260, '2026-04-26 05:25:55', '2026-04-26 05:25:55', NULL),
(295, 'Nombre_261', NULL, 'Apel_261', 'Test', 'Nombre_261 Apel_261 Test', '90000000261', '1990-05-15', 'F', 'Blanco', '2015-10-10', 5, 'Empresa de Prueba', 'Especialista', 'Superior', 'Licenciado', 'Dirección registrada #261', '55500261', NULL, 261, '2026-04-26 05:25:55', '2026-04-26 05:25:55', NULL),
(296, 'Nombre_262', NULL, 'Apel_262', 'Test', 'Nombre_262 Apel_262 Test', '90000000262', '1990-05-15', 'M', 'Blanco', '2015-10-10', 2, 'Empresa de Prueba', 'Especialista', 'Superior', 'Licenciado', 'Dirección registrada #262', '55500262', NULL, 262, '2026-04-26 05:25:55', '2026-04-26 05:25:55', NULL),
(297, 'Nombre_263', NULL, 'Apel_263', 'Test', 'Nombre_263 Apel_263 Test', '90000000263', '1990-05-15', 'F', 'Blanco', '2015-10-10', 6, 'Empresa de Prueba', 'Especialista', 'Superior', 'Licenciado', 'Dirección registrada #263', '55500263', NULL, 263, '2026-04-26 05:25:55', '2026-04-26 05:25:55', NULL),
(298, 'Nombre_264', NULL, 'Apel_264', 'Test', 'Nombre_264 Apel_264 Test', '90000000264', '1990-05-15', 'M', 'Blanco', '2015-10-10', 5, 'Empresa de Prueba', 'Especialista', 'Superior', 'Licenciado', 'Dirección registrada #264', '55500264', NULL, 264, '2026-04-26 05:25:55', '2026-04-26 05:25:55', NULL),
(299, 'Nombre_265', NULL, 'Apel_265', 'Test', 'Nombre_265 Apel_265 Test', '90000000265', '1990-05-15', 'F', 'Blanco', '2015-10-10', 5, 'Empresa de Prueba', 'Especialista', 'Superior', 'Licenciado', 'Dirección registrada #265', '55500265', NULL, 265, '2026-04-26 05:25:55', '2026-04-26 05:25:55', NULL),
(300, 'Nombre_266', NULL, 'Apel_266', 'Test', 'Nombre_266 Apel_266 Test', '90000000266', '1990-05-15', 'M', 'Blanco', '2015-10-10', 3, 'Empresa de Prueba', 'Especialista', 'Superior', 'Licenciado', 'Dirección registrada #266', '55500266', NULL, 266, '2026-04-26 05:25:55', '2026-04-26 05:25:55', NULL),
(301, 'Nombre_267', NULL, 'Apel_267', 'Test', 'Nombre_267 Apel_267 Test', '90000000267', '1990-05-15', 'F', 'Blanco', '2015-10-10', 6, 'Empresa de Prueba', 'Especialista', 'Superior', 'Licenciado', 'Dirección registrada #267', '55500267', NULL, 267, '2026-04-26 05:25:55', '2026-04-26 05:25:55', NULL),
(302, 'Nombre_268', NULL, 'Apel_268', 'Test', 'Nombre_268 Apel_268 Test', '90000000268', '1990-05-15', 'M', 'Blanco', '2015-10-10', 1, 'Empresa de Prueba', 'Especialista', 'Superior', 'Licenciado', 'Dirección registrada #268', '55500268', NULL, 268, '2026-04-26 05:25:55', '2026-04-26 05:25:55', NULL),
(303, 'Nombre_269', NULL, 'Apel_269', 'Test', 'Nombre_269 Apel_269 Test', '90000000269', '1990-05-15', 'F', 'Blanco', '2015-10-10', 7, 'Empresa de Prueba', 'Especialista', 'Superior', 'Licenciado', 'Dirección registrada #269', '55500269', NULL, 269, '2026-04-26 05:25:55', '2026-04-26 05:25:55', NULL),
(304, 'Nombre_270', NULL, 'Apel_270', 'Test', 'Nombre_270 Apel_270 Test', '90000000270', '1990-05-15', 'M', 'Blanco', '2015-10-10', 3, 'Empresa de Prueba', 'Especialista', 'Superior', 'Licenciado', 'Dirección registrada #270', '55500270', NULL, 270, '2026-04-26 05:25:55', '2026-04-26 05:25:55', NULL),
(305, 'Nombre_271', NULL, 'Apel_271', 'Test', 'Nombre_271 Apel_271 Test', '90000000271', '1990-05-15', 'F', 'Blanco', '2015-10-10', 7, 'Empresa de Prueba', 'Especialista', 'Superior', 'Licenciado', 'Dirección registrada #271', '55500271', NULL, 271, '2026-04-26 05:25:55', '2026-04-26 05:25:55', NULL),
(306, 'Nombre_272', NULL, 'Apel_272', 'Test', 'Nombre_272 Apel_272 Test', '90000000272', '1990-05-15', 'M', 'Blanco', '2015-10-10', 6, 'Empresa de Prueba', 'Especialista', 'Superior', 'Licenciado', 'Dirección registrada #272', '55500272', NULL, 272, '2026-04-26 05:25:55', '2026-04-26 05:25:55', NULL),
(307, 'Nombre_273', NULL, 'Apel_273', 'Test', 'Nombre_273 Apel_273 Test', '90000000273', '1990-05-15', 'F', 'Blanco', '2015-10-10', 6, 'Empresa de Prueba', 'Especialista', 'Superior', 'Licenciado', 'Dirección registrada #273', '55500273', NULL, 273, '2026-04-26 05:25:55', '2026-04-26 05:25:55', NULL),
(308, 'Nombre_274', NULL, 'Apel_274', 'Test', 'Nombre_274 Apel_274 Test', '90000000274', '1990-05-15', 'M', 'Blanco', '2015-10-10', 5, 'Empresa de Prueba', 'Especialista', 'Superior', 'Licenciado', 'Dirección registrada #274', '55500274', NULL, 274, '2026-04-26 05:25:55', '2026-04-26 05:25:55', NULL),
(309, 'Nombre_275', NULL, 'Apel_275', 'Test', 'Nombre_275 Apel_275 Test', '90000000275', '1990-05-15', 'F', 'Blanco', '2015-10-10', 7, 'Empresa de Prueba', 'Especialista', 'Superior', 'Licenciado', 'Dirección registrada #275', '55500275', NULL, 275, '2026-04-26 05:25:55', '2026-04-26 05:25:55', NULL),
(310, 'Nombre_276', NULL, 'Apel_276', 'Test', 'Nombre_276 Apel_276 Test', '90000000276', '1990-05-15', 'M', 'Blanco', '2015-10-10', 7, 'Empresa de Prueba', 'Especialista', 'Superior', 'Licenciado', 'Dirección registrada #276', '55500276', NULL, 276, '2026-04-26 05:25:55', '2026-04-26 05:25:55', NULL),
(311, 'Nombre_277', NULL, 'Apel_277', 'Test', 'Nombre_277 Apel_277 Test', '90000000277', '1990-05-15', 'F', 'Blanco', '2015-10-10', 7, 'Empresa de Prueba', 'Especialista', 'Superior', 'Licenciado', 'Dirección registrada #277', '55500277', NULL, 277, '2026-04-26 05:25:55', '2026-04-26 05:25:55', NULL),
(312, 'Nombre_278', NULL, 'Apel_278', 'Test', 'Nombre_278 Apel_278 Test', '90000000278', '1990-05-15', 'M', 'Blanco', '2015-10-10', 7, 'Empresa de Prueba', 'Especialista', 'Superior', 'Licenciado', 'Dirección registrada #278', '55500278', NULL, 278, '2026-04-26 05:25:55', '2026-04-26 05:25:55', NULL),
(313, 'Nombre_279', NULL, 'Apel_279', 'Test', 'Nombre_279 Apel_279 Test', '90000000279', '1990-05-15', 'F', 'Blanco', '2015-10-10', 7, 'Empresa de Prueba', 'Especialista', 'Superior', 'Licenciado', 'Dirección registrada #279', '55500279', NULL, 279, '2026-04-26 05:25:55', '2026-04-26 05:25:55', NULL),
(314, 'Nombre_280', NULL, 'Apel_280', 'Test', 'Nombre_280 Apel_280 Test', '90000000280', '1990-05-15', 'M', 'Blanco', '2015-10-10', 3, 'Empresa de Prueba', 'Especialista', 'Superior', 'Licenciado', 'Dirección registrada #280', '55500280', NULL, 280, '2026-04-26 05:25:55', '2026-04-26 05:25:55', NULL),
(315, 'Nombre_281', NULL, 'Apel_281', 'Test', 'Nombre_281 Apel_281 Test', '90000000281', '1990-05-15', 'F', 'Blanco', '2015-10-10', 4, 'Empresa de Prueba', 'Especialista', 'Superior', 'Licenciado', 'Dirección registrada #281', '55500281', NULL, 281, '2026-04-26 05:25:55', '2026-04-26 05:25:55', NULL),
(316, 'Nombre_282', NULL, 'Apel_282', 'Test', 'Nombre_282 Apel_282 Test', '90000000282', '1990-05-15', 'M', 'Blanco', '2015-10-10', 7, 'Empresa de Prueba', 'Especialista', 'Superior', 'Licenciado', 'Dirección registrada #282', '55500282', NULL, 282, '2026-04-26 05:25:55', '2026-04-26 05:25:55', NULL),
(317, 'Nombre_283', NULL, 'Apel_283', 'Test', 'Nombre_283 Apel_283 Test', '90000000283', '1990-05-15', 'F', 'Blanco', '2015-10-10', 4, 'Empresa de Prueba', 'Especialista', 'Superior', 'Licenciado', 'Dirección registrada #283', '55500283', NULL, 283, '2026-04-26 05:25:55', '2026-04-26 05:25:55', NULL),
(318, 'Nombre_284', NULL, 'Apel_284', 'Test', 'Nombre_284 Apel_284 Test', '90000000284', '1990-05-15', 'M', 'Blanco', '2015-10-10', 4, 'Empresa de Prueba', 'Especialista', 'Superior', 'Licenciado', 'Dirección registrada #284', '55500284', NULL, 284, '2026-04-26 05:25:55', '2026-04-26 05:25:55', NULL),
(319, 'Nombre_285', NULL, 'Apel_285', 'Test', 'Nombre_285 Apel_285 Test', '90000000285', '1990-05-15', 'F', 'Blanco', '2015-10-10', 2, 'Empresa de Prueba', 'Especialista', 'Superior', 'Licenciado', 'Dirección registrada #285', '55500285', NULL, 285, '2026-04-26 05:25:55', '2026-04-26 05:25:55', NULL),
(320, 'Nombre_286', NULL, 'Apel_286', 'Test', 'Nombre_286 Apel_286 Test', '90000000286', '1990-05-15', 'M', 'Blanco', '2015-10-10', 4, 'Empresa de Prueba', 'Especialista', 'Superior', 'Licenciado', 'Dirección registrada #286', '55500286', NULL, 286, '2026-04-26 05:25:55', '2026-04-26 05:25:55', NULL),
(321, 'Nombre_287', NULL, 'Apel_287', 'Test', 'Nombre_287 Apel_287 Test', '90000000287', '1990-05-15', 'F', 'Blanco', '2015-10-10', 6, 'Empresa de Prueba', 'Especialista', 'Superior', 'Licenciado', 'Dirección registrada #287', '55500287', NULL, 287, '2026-04-26 05:25:55', '2026-04-26 05:25:55', NULL),
(322, 'Nombre_288', NULL, 'Apel_288', 'Test', 'Nombre_288 Apel_288 Test', '90000000288', '1990-05-15', 'M', 'Blanco', '2015-10-10', 4, 'Empresa de Prueba', 'Especialista', 'Superior', 'Licenciado', 'Dirección registrada #288', '55500288', NULL, 288, '2026-04-26 05:25:55', '2026-04-26 05:25:55', NULL),
(323, 'Nombre_289', NULL, 'Apel_289', 'Test', 'Nombre_289 Apel_289 Test', '90000000289', '1990-05-15', 'F', 'Blanco', '2015-10-10', 2, 'Empresa de Prueba', 'Especialista', 'Superior', 'Licenciado', 'Dirección registrada #289', '55500289', NULL, 289, '2026-04-26 05:25:55', '2026-04-26 05:25:55', NULL),
(324, 'Nombre_290', NULL, 'Apel_290', 'Test', 'Nombre_290 Apel_290 Test', '90000000290', '1990-05-15', 'M', 'Blanco', '2015-10-10', 4, 'Empresa de Prueba', 'Especialista', 'Superior', 'Licenciado', 'Dirección registrada #290', '55500290', NULL, 290, '2026-04-26 05:25:55', '2026-04-26 05:25:55', NULL),
(325, 'Nombre_291', NULL, 'Apel_291', 'Test', 'Nombre_291 Apel_291 Test', '90000000291', '1990-05-15', 'F', 'Blanco', '2015-10-10', 5, 'Empresa de Prueba', 'Especialista', 'Superior', 'Licenciado', 'Dirección registrada #291', '55500291', NULL, 291, '2026-04-26 05:25:55', '2026-04-26 05:25:55', NULL),
(326, 'Nombre_292', NULL, 'Apel_292', 'Test', 'Nombre_292 Apel_292 Test', '90000000292', '1990-05-15', 'M', 'Blanco', '2015-10-10', 7, 'Empresa de Prueba', 'Especialista', 'Superior', 'Licenciado', 'Dirección registrada #292', '55500292', NULL, 292, '2026-04-26 05:25:55', '2026-04-26 05:25:55', NULL),
(327, 'Nombre_293', NULL, 'Apel_293', 'Test', 'Nombre_293 Apel_293 Test', '90000000293', '1990-05-15', 'F', 'Blanco', '2015-10-10', 4, 'Empresa de Prueba', 'Especialista', 'Superior', 'Licenciado', 'Dirección registrada #293', '55500293', NULL, 293, '2026-04-26 05:25:55', '2026-04-26 05:25:55', NULL),
(328, 'Nombre_294', NULL, 'Apel_294', 'Test', 'Nombre_294 Apel_294 Test', '90000000294', '1990-05-15', 'M', 'Blanco', '2015-10-10', 1, 'Empresa de Prueba', 'Especialista', 'Superior', 'Licenciado', 'Dirección registrada #294', '55500294', NULL, 294, '2026-04-26 05:25:55', '2026-04-26 05:25:55', NULL),
(329, 'Nombre_295', NULL, 'Apel_295', 'Test', 'Nombre_295 Apel_295 Test', '90000000295', '1990-05-15', 'F', 'Blanco', '2015-10-10', 4, 'Empresa de Prueba', 'Especialista', 'Superior', 'Licenciado', 'Dirección registrada #295', '55500295', NULL, 295, '2026-04-26 05:25:55', '2026-04-26 05:25:55', NULL),
(330, 'Nombre_296', NULL, 'Apel_296', 'Test', 'Nombre_296 Apel_296 Test', '90000000296', '1990-05-15', 'M', 'Blanco', '2015-10-10', 5, 'Empresa de Prueba', 'Especialista', 'Superior', 'Licenciado', 'Dirección registrada #296', '55500296', NULL, 296, '2026-04-26 05:25:55', '2026-04-26 05:25:55', NULL),
(331, 'Nombre_297', NULL, 'Apel_297', 'Test', 'Nombre_297 Apel_297 Test', '90000000297', '1990-05-15', 'F', 'Blanco', '2015-10-10', 6, 'Empresa de Prueba', 'Especialista', 'Superior', 'Licenciado', 'Dirección registrada #297', '55500297', NULL, 297, '2026-04-26 05:25:55', '2026-04-26 05:25:55', NULL),
(332, 'Nombre_298', NULL, 'Apel_298', 'Test', 'Nombre_298 Apel_298 Test', '90000000298', '1990-05-15', 'M', 'Blanco', '2015-10-10', 6, 'Empresa de Prueba', 'Especialista', 'Superior', 'Licenciado', 'Dirección registrada #298', '55500298', NULL, 298, '2026-04-26 05:25:55', '2026-04-26 05:25:55', NULL),
(333, 'Nombre_299', NULL, 'Apel_299', 'Test', 'Nombre_299 Apel_299 Test', '90000000299', '1990-05-15', 'F', 'Blanco', '2015-10-10', 4, 'Empresa de Prueba', 'Especialista', 'Superior', 'Licenciado', 'Dirección registrada #299', '55500299', NULL, 299, '2026-04-26 05:25:55', '2026-04-26 05:25:55', NULL),
(334, 'Nombre_300', NULL, 'Apel_300', 'Test', 'Nombre_300 Apel_300 Test', '90000000300', '1990-05-15', 'M', 'Blanco', '2015-10-10', 3, 'Empresa de Prueba', 'Especialista', 'Superior', 'Licenciado', 'Dirección registrada #300', '55500300', NULL, 300, '2026-04-26 05:25:55', '2026-04-26 05:25:55', NULL),
(335, 'Nombre_301', NULL, 'Apel_301', 'Test', 'Nombre_301 Apel_301 Test', '90000000301', '1990-05-15', 'F', 'Blanco', '2015-10-10', 7, 'Empresa de Prueba', 'Especialista', 'Superior', 'Licenciado', 'Dirección registrada #301', '55500301', NULL, 301, '2026-04-26 05:25:55', '2026-04-26 05:25:55', NULL),
(336, 'Nombre_302', NULL, 'Apel_302', 'Test', 'Nombre_302 Apel_302 Test', '90000000302', '1990-05-15', 'M', 'Blanco', '2015-10-10', 6, 'Empresa de Prueba', 'Especialista', 'Superior', 'Licenciado', 'Dirección registrada #302', '55500302', NULL, 302, '2026-04-26 05:25:55', '2026-04-26 05:25:55', NULL),
(337, 'Nombre_303', NULL, 'Apel_303', 'Test', 'Nombre_303 Apel_303 Test', '90000000303', '1990-05-15', 'F', 'Blanco', '2015-10-10', 1, 'Empresa de Prueba', 'Especialista', 'Superior', 'Licenciado', 'Dirección registrada #303', '55500303', NULL, 303, '2026-04-26 05:25:55', '2026-04-26 05:25:55', NULL),
(338, 'Nombre_304', NULL, 'Apel_304', 'Test', 'Nombre_304 Apel_304 Test', '90000000304', '1990-05-15', 'M', 'Blanco', '2015-10-10', 7, 'Empresa de Prueba', 'Especialista', 'Superior', 'Licenciado', 'Dirección registrada #304', '55500304', NULL, 304, '2026-04-26 05:25:55', '2026-04-26 05:25:55', NULL),
(339, 'Nombre_305', NULL, 'Apel_305', 'Test', 'Nombre_305 Apel_305 Test', '90000000305', '1990-05-15', 'F', 'Blanco', '2015-10-10', 4, 'Empresa de Prueba', 'Especialista', 'Superior', 'Licenciado', 'Dirección registrada #305', '55500305', NULL, 305, '2026-04-26 05:25:55', '2026-04-26 05:25:55', NULL),
(340, 'Nombre_306', NULL, 'Apel_306', 'Test', 'Nombre_306 Apel_306 Test', '90000000306', '1990-05-15', 'M', 'Blanco', '2015-10-10', 4, 'Empresa de Prueba', 'Especialista', 'Superior', 'Licenciado', 'Dirección registrada #306', '55500306', NULL, 306, '2026-04-26 05:25:55', '2026-04-26 05:25:55', NULL),
(341, 'Nombre_307', NULL, 'Apel_307', 'Test', 'Nombre_307 Apel_307 Test', '90000000307', '1990-05-15', 'F', 'Blanco', '2015-10-10', 7, 'Empresa de Prueba', 'Especialista', 'Superior', 'Licenciado', 'Dirección registrada #307', '55500307', NULL, 307, '2026-04-26 05:25:55', '2026-04-26 05:25:55', NULL),
(342, 'Nombre_308', NULL, 'Apel_308', 'Test', 'Nombre_308 Apel_308 Test', '90000000308', '1990-05-15', 'M', 'Blanco', '2015-10-10', 3, 'Empresa de Prueba', 'Especialista', 'Superior', 'Licenciado', 'Dirección registrada #308', '55500308', NULL, 308, '2026-04-26 05:25:55', '2026-04-26 05:25:55', NULL),
(343, 'Nombre_309', NULL, 'Apel_309', 'Test', 'Nombre_309 Apel_309 Test', '90000000309', '1990-05-15', 'F', 'Blanco', '2015-10-10', 7, 'Empresa de Prueba', 'Especialista', 'Superior', 'Licenciado', 'Dirección registrada #309', '55500309', NULL, 309, '2026-04-26 05:25:55', '2026-04-26 05:25:55', NULL),
(344, 'Nombre_310', NULL, 'Apel_310', 'Test', 'Nombre_310 Apel_310 Test', '90000000310', '1990-05-15', 'M', 'Blanco', '2015-10-10', 4, 'Empresa de Prueba', 'Especialista', 'Superior', 'Licenciado', 'Dirección registrada #310', '55500310', NULL, 310, '2026-04-26 05:25:55', '2026-04-26 05:25:55', NULL),
(345, 'Nombre_311', NULL, 'Apel_311', 'Test', 'Nombre_311 Apel_311 Test', '90000000311', '1990-05-15', 'F', 'Blanco', '2015-10-10', 7, 'Empresa de Prueba', 'Especialista', 'Superior', 'Licenciado', 'Dirección registrada #311', '55500311', NULL, 311, '2026-04-26 05:25:55', '2026-04-26 05:25:55', NULL),
(346, 'Nombre_312', NULL, 'Apel_312', 'Test', 'Nombre_312 Apel_312 Test', '90000000312', '1990-05-15', 'M', 'Blanco', '2015-10-10', 1, 'Empresa de Prueba', 'Especialista', 'Superior', 'Licenciado', 'Dirección registrada #312', '55500312', NULL, 312, '2026-04-26 05:25:55', '2026-04-26 05:25:55', NULL),
(347, 'Nombre_313', NULL, 'Apel_313', 'Test', 'Nombre_313 Apel_313 Test', '90000000313', '1990-05-15', 'F', 'Blanco', '2015-10-10', 6, 'Empresa de Prueba', 'Especialista', 'Superior', 'Licenciado', 'Dirección registrada #313', '55500313', NULL, 313, '2026-04-26 05:25:55', '2026-04-26 05:25:55', NULL),
(348, 'Nombre_314', NULL, 'Apel_314', 'Test', 'Nombre_314 Apel_314 Test', '90000000314', '1990-05-15', 'M', 'Blanco', '2015-10-10', 3, 'Empresa de Prueba', 'Especialista', 'Superior', 'Licenciado', 'Dirección registrada #314', '55500314', NULL, 314, '2026-04-26 05:25:55', '2026-04-26 05:25:55', NULL),
(349, 'Nombre_315', NULL, 'Apel_315', 'Test', 'Nombre_315 Apel_315 Test', '90000000315', '1990-05-15', 'F', 'Blanco', '2015-10-10', 6, 'Empresa de Prueba', 'Especialista', 'Superior', 'Licenciado', 'Dirección registrada #315', '55500315', NULL, 315, '2026-04-26 05:25:55', '2026-04-26 05:25:55', NULL),
(350, 'Nombre_316', NULL, 'Apel_316', 'Test', 'Nombre_316 Apel_316 Test', '90000000316', '1990-05-15', 'M', 'Blanco', '2015-10-10', 7, 'Empresa de Prueba', 'Especialista', 'Superior', 'Licenciado', 'Dirección registrada #316', '55500316', NULL, 316, '2026-04-26 05:25:55', '2026-04-26 05:25:55', NULL),
(351, 'Nombre_317', NULL, 'Apel_317', 'Test', 'Nombre_317 Apel_317 Test', '90000000317', '1990-05-15', 'F', 'Blanco', '2015-10-10', 1, 'Empresa de Prueba', 'Especialista', 'Superior', 'Licenciado', 'Dirección registrada #317', '55500317', NULL, 317, '2026-04-26 05:25:55', '2026-04-26 05:25:55', NULL),
(352, 'Nombre_318', NULL, 'Apel_318', 'Test', 'Nombre_318 Apel_318 Test', '90000000318', '1990-05-15', 'M', 'Blanco', '2015-10-10', 3, 'Empresa de Prueba', 'Especialista', 'Superior', 'Licenciado', 'Dirección registrada #318', '55500318', NULL, 318, '2026-04-26 05:25:55', '2026-04-26 05:25:55', NULL),
(353, 'Nombre_319', NULL, 'Apel_319', 'Test', 'Nombre_319 Apel_319 Test', '90000000319', '1990-05-15', 'F', 'Blanco', '2015-10-10', 5, 'Empresa de Prueba', 'Especialista', 'Superior', 'Licenciado', 'Dirección registrada #319', '55500319', NULL, 319, '2026-04-26 05:25:55', '2026-04-26 05:25:55', NULL),
(354, 'Nombre_320', NULL, 'Apel_320', 'Test', 'Nombre_320 Apel_320 Test', '90000000320', '1990-05-15', 'M', 'Blanco', '2015-10-10', 2, 'Empresa de Prueba', 'Especialista', 'Superior', 'Licenciado', 'Dirección registrada #320', '55500320', NULL, 320, '2026-04-26 05:25:55', '2026-04-26 05:25:55', NULL),
(355, 'Nombre_321', NULL, 'Apel_321', 'Test', 'Nombre_321 Apel_321 Test', '90000000321', '1990-05-15', 'F', 'Blanco', '2015-10-10', 2, 'Empresa de Prueba', 'Especialista', 'Superior', 'Licenciado', 'Dirección registrada #321', '55500321', NULL, 321, '2026-04-26 05:25:55', '2026-04-26 05:25:55', NULL),
(356, 'Nombre_322', NULL, 'Apel_322', 'Test', 'Nombre_322 Apel_322 Test', '90000000322', '1990-05-15', 'M', 'Blanco', '2015-10-10', 4, 'Empresa de Prueba', 'Especialista', 'Superior', 'Licenciado', 'Dirección registrada #322', '55500322', NULL, 322, '2026-04-26 05:25:55', '2026-04-26 05:25:55', NULL),
(357, 'Nombre_323', NULL, 'Apel_323', 'Test', 'Nombre_323 Apel_323 Test', '90000000323', '1990-05-15', 'F', 'Blanco', '2015-10-10', 4, 'Empresa de Prueba', 'Especialista', 'Superior', 'Licenciado', 'Dirección registrada #323', '55500323', NULL, 323, '2026-04-26 05:25:55', '2026-04-26 05:25:55', NULL),
(358, 'Nombre_324', NULL, 'Apel_324', 'Test', 'Nombre_324 Apel_324 Test', '90000000324', '1990-05-15', 'M', 'Blanco', '2015-10-10', 1, 'Empresa de Prueba', 'Especialista', 'Superior', 'Licenciado', 'Dirección registrada #324', '55500324', NULL, 324, '2026-04-26 05:25:55', '2026-04-26 05:25:55', NULL),
(359, 'Nombre_325', NULL, 'Apel_325', 'Test', 'Nombre_325 Apel_325 Test', '90000000325', '1990-05-15', 'F', 'Blanco', '2015-10-10', 2, 'Empresa de Prueba', 'Especialista', 'Superior', 'Licenciado', 'Dirección registrada #325', '55500325', NULL, 325, '2026-04-26 05:25:55', '2026-04-26 05:25:55', NULL),
(360, 'Nombre_326', NULL, 'Apel_326', 'Test', 'Nombre_326 Apel_326 Test', '90000000326', '1990-05-15', 'M', 'Blanco', '2015-10-10', 6, 'Empresa de Prueba', 'Especialista', 'Superior', 'Licenciado', 'Dirección registrada #326', '55500326', NULL, 326, '2026-04-26 05:25:55', '2026-04-26 05:25:55', NULL),
(361, 'Nombre_327', NULL, 'Apel_327', 'Test', 'Nombre_327 Apel_327 Test', '90000000327', '1990-05-15', 'F', 'Blanco', '2015-10-10', 3, 'Empresa de Prueba', 'Especialista', 'Superior', 'Licenciado', 'Dirección registrada #327', '55500327', NULL, 327, '2026-04-26 05:25:55', '2026-04-26 05:25:55', NULL),
(362, 'Nombre_328', NULL, 'Apel_328', 'Test', 'Nombre_328 Apel_328 Test', '90000000328', '1990-05-15', 'M', 'Blanco', '2015-10-10', 1, 'Empresa de Prueba', 'Especialista', 'Superior', 'Licenciado', 'Dirección registrada #328', '55500328', NULL, 328, '2026-04-26 05:25:55', '2026-04-26 05:25:55', NULL),
(363, 'Nombre_329', NULL, 'Apel_329', 'Test', 'Nombre_329 Apel_329 Test', '90000000329', '1990-05-15', 'F', 'Blanco', '2015-10-10', 3, 'Empresa de Prueba', 'Especialista', 'Superior', 'Licenciado', 'Dirección registrada #329', '55500329', NULL, 329, '2026-04-26 05:25:55', '2026-04-26 05:25:55', NULL),
(364, 'Nombre_330', NULL, 'Apel_330', 'Test', 'Nombre_330 Apel_330 Test', '90000000330', '1990-05-15', 'M', 'Blanco', '2015-10-10', 5, 'Empresa de Prueba', 'Especialista', 'Superior', 'Licenciado', 'Dirección registrada #330', '55500330', NULL, 330, '2026-04-26 05:25:55', '2026-04-26 05:25:55', NULL),
(365, 'Nombre_331', NULL, 'Apel_331', 'Test', 'Nombre_331 Apel_331 Test', '90000000331', '1990-05-15', 'F', 'Blanco', '2015-10-10', 1, 'Empresa de Prueba', 'Especialista', 'Superior', 'Licenciado', 'Dirección registrada #331', '55500331', NULL, 331, '2026-04-26 05:25:55', '2026-04-26 05:25:55', NULL);
INSERT INTO `militantes` (`id`, `nombre1`, `nombre2`, `apellido1`, `apellido2`, `nombre_completo`, `ci`, `fecha_nacimiento`, `sexo`, `color_piel`, `fecha_pcc`, `nucleo_id`, `centro_trabajo`, `cargo`, `nivel_escolar`, `graduado_de`, `direccion`, `telefono`, `condecoraciones`, `ubicacion_id`, `creado_at`, `actualizado_at`, `deleted_at`) VALUES
(366, 'Nombre_332', NULL, 'Apel_332', 'Test', 'Nombre_332 Apel_332 Test', '90000000332', '1990-05-15', 'M', 'Blanco', '2015-10-10', 3, 'Empresa de Prueba', 'Especialista', 'Superior', 'Licenciado', 'Dirección registrada #332', '55500332', NULL, 332, '2026-04-26 05:25:55', '2026-04-26 05:25:55', NULL),
(367, 'Nombre_333', NULL, 'Apel_333', 'Test', 'Nombre_333 Apel_333 Test', '90000000333', '1990-05-15', 'F', 'Blanco', '2015-10-10', 6, 'Empresa de Prueba', 'Especialista', 'Superior', 'Licenciado', 'Dirección registrada #333', '55500333', NULL, 333, '2026-04-26 05:25:55', '2026-04-26 05:25:55', NULL),
(368, 'Nombre_334', NULL, 'Apel_334', 'Test', 'Nombre_334 Apel_334 Test', '90000000334', '1990-05-15', 'M', 'Blanco', '2015-10-10', 4, 'Empresa de Prueba', 'Especialista', 'Superior', 'Licenciado', 'Dirección registrada #334', '55500334', NULL, 334, '2026-04-26 05:25:55', '2026-04-26 05:25:55', NULL),
(369, 'Nombre_335', NULL, 'Apel_335', 'Test', 'Nombre_335 Apel_335 Test', '90000000335', '1990-05-15', 'F', 'Blanco', '2015-10-10', 2, 'Empresa de Prueba', 'Especialista', 'Superior', 'Licenciado', 'Dirección registrada #335', '55500335', NULL, 335, '2026-04-26 05:25:55', '2026-04-26 05:25:55', NULL),
(370, 'Nombre_336', NULL, 'Apel_336', 'Test', 'Nombre_336 Apel_336 Test', '90000000336', '1990-05-15', 'M', 'Blanco', '2015-10-10', 4, 'Empresa de Prueba', 'Especialista', 'Superior', 'Licenciado', 'Dirección registrada #336', '55500336', NULL, 336, '2026-04-26 05:25:55', '2026-04-26 05:25:55', NULL),
(371, 'Nombre_337', NULL, 'Apel_337', 'Test', 'Nombre_337 Apel_337 Test', '90000000337', '1990-05-15', 'F', 'Blanco', '2015-10-10', 6, 'Empresa de Prueba', 'Especialista', 'Superior', 'Licenciado', 'Dirección registrada #337', '55500337', NULL, 337, '2026-04-26 05:25:55', '2026-04-26 05:25:55', NULL),
(372, 'Nombre_338', NULL, 'Apel_338', 'Test', 'Nombre_338 Apel_338 Test', '90000000338', '1990-05-15', 'M', 'Blanco', '2015-10-10', 4, 'Empresa de Prueba', 'Especialista', 'Superior', 'Licenciado', 'Dirección registrada #338', '55500338', NULL, 338, '2026-04-26 05:25:55', '2026-04-26 05:25:55', NULL),
(373, 'Nombre_339', NULL, 'Apel_339', 'Test', 'Nombre_339 Apel_339 Test', '90000000339', '1990-05-15', 'F', 'Blanco', '2015-10-10', 7, 'Empresa de Prueba', 'Especialista', 'Superior', 'Licenciado', 'Dirección registrada #339', '55500339', NULL, 339, '2026-04-26 05:25:55', '2026-04-26 05:25:55', NULL),
(374, 'Nombre_340', NULL, 'Apel_340', 'Test', 'Nombre_340 Apel_340 Test', '90000000340', '1990-05-15', 'M', 'Blanco', '2015-10-10', 4, 'Empresa de Prueba', 'Especialista', 'Superior', 'Licenciado', 'Dirección registrada #340', '55500340', NULL, 340, '2026-04-26 05:25:55', '2026-04-26 05:25:55', NULL),
(375, 'Nombre_341', NULL, 'Apel_341', 'Test', 'Nombre_341 Apel_341 Test', '90000000341', '1990-05-15', 'F', 'Blanco', '2015-10-10', 3, 'Empresa de Prueba', 'Especialista', 'Superior', 'Licenciado', 'Dirección registrada #341', '55500341', NULL, 341, '2026-04-26 05:25:55', '2026-04-26 05:25:55', NULL),
(376, 'Nombre_342', NULL, 'Apel_342', 'Test', 'Nombre_342 Apel_342 Test', '90000000342', '1990-05-15', 'M', 'Blanco', '2015-10-10', 4, 'Empresa de Prueba', 'Especialista', 'Superior', 'Licenciado', 'Dirección registrada #342', '55500342', NULL, 99, '2026-04-26 05:25:55', '2026-04-26 23:03:26', NULL),
(377, 'Nombre_343', NULL, 'Apel_343', 'Test', 'Nombre_343 Apel_343 Test', '90000000343', '1990-05-15', 'F', 'Blanco', '2015-10-10', 3, 'Empresa de Prueba', 'Especialista', 'Superior', 'Licenciado', 'Dirección registrada #343', '55500343', NULL, 343, '2026-04-26 05:25:55', '2026-04-26 05:25:55', NULL),
(378, 'Nombre_344', NULL, 'Apel_344', 'Test', 'Nombre_344 Apel_344 Test', '90000000344', '1990-05-15', 'M', 'Blanco', '2015-10-10', 4, 'Empresa de Prueba', 'Especialista', 'Superior', 'Licenciado', 'Dirección registrada #344', '55500344', NULL, 344, '2026-04-26 05:25:55', '2026-04-26 05:25:55', NULL),
(379, 'Nombre_345', NULL, 'Apel_345', 'Test', 'Nombre_345 Apel_345 Test', '90000000345', '1990-05-15', 'F', 'Blanco', '2015-10-10', 5, 'Empresa de Prueba', 'Especialista', 'Superior', 'Licenciado', 'Dirección registrada #345', '55500345', NULL, 345, '2026-04-26 05:25:55', '2026-04-26 05:25:55', NULL),
(380, 'Nombre_346', NULL, 'Apel_346', 'Test', 'Nombre_346 Apel_346 Test', '90000000346', '1990-05-15', 'M', 'Blanco', '2015-10-10', 2, 'Empresa de Prueba', 'Especialista', 'Superior', 'Licenciado', 'Dirección registrada #346', '55500346', NULL, 346, '2026-04-26 05:25:55', '2026-04-26 05:25:55', NULL),
(381, 'Nombre_347', NULL, 'Apel_347', 'Test', 'Nombre_347 Apel_347 Test', '90000000347', '1990-05-15', 'F', 'Blanco', '2015-10-10', 5, 'Empresa de Prueba', 'Especialista', 'Superior', 'Licenciado', 'Dirección registrada #347', '55500347', NULL, 347, '2026-04-26 05:25:55', '2026-04-26 05:25:55', NULL),
(382, 'Nombre_348', NULL, 'Apel_348', 'Test', 'Nombre_348 Apel_348 Test', '90000000348', '1990-05-15', 'M', 'Blanco', '2015-10-10', 2, 'Empresa de Prueba', 'Especialista', 'Superior', 'Licenciado', 'Dirección registrada #348', '55500348', NULL, 348, '2026-04-26 05:25:55', '2026-04-26 05:25:55', NULL),
(383, 'Nombre_349', NULL, 'Apel_349', 'Test', 'Nombre_349 Apel_349 Test', '90000000349', '1990-05-15', 'F', 'Blanco', '2015-10-10', 1, 'Empresa de Prueba', 'Especialista', 'Superior', 'Licenciado', 'Dirección registrada #349', '55500349', NULL, 349, '2026-04-26 05:25:55', '2026-04-26 05:25:55', NULL),
(384, 'Nombre_350', NULL, 'Apel_350', 'Test', 'Nombre_350 Apel_350 Test', '90000000350', '1990-05-15', 'M', 'Blanco', '2015-10-10', 6, 'Empresa de Prueba', 'Especialista', 'Superior', 'Licenciado', 'Dirección registrada #350', '55500350', NULL, 350, '2026-04-26 05:25:55', '2026-04-26 05:25:55', NULL),
(385, 'Nombre_351', NULL, 'Apel_351', 'Test', 'Nombre_351 Apel_351 Test', '90000000351', '1990-05-15', 'F', 'Blanco', '2015-10-10', 6, 'Empresa de Prueba', 'Especialista', 'Superior', 'Licenciado', 'Dirección registrada #351', '55500351', NULL, 351, '2026-04-26 05:25:55', '2026-04-26 05:25:55', NULL),
(386, 'Nombre_352', NULL, 'Apel_352', 'Test', 'Nombre_352 Apel_352 Test', '90000000352', '1990-05-15', 'M', 'Blanco', '2015-10-10', 5, 'Empresa de Prueba', 'Especialista', 'Superior', 'Licenciado', 'Dirección registrada #352', '55500352', NULL, 352, '2026-04-26 05:25:55', '2026-04-26 05:25:55', NULL),
(387, 'Nombre_353', NULL, 'Apel_353', 'Test', 'Nombre_353 Apel_353 Test', '90000000353', '1990-05-15', 'F', 'Blanco', '2015-10-10', 7, 'Empresa de Prueba', 'Especialista', 'Superior', 'Licenciado', 'Dirección registrada #353', '55500353', NULL, 353, '2026-04-26 05:25:55', '2026-04-26 05:25:55', NULL),
(388, 'Nombre_354', NULL, 'Apel_354', 'Test', 'Nombre_354 Apel_354 Test', '90000000354', '1990-05-15', 'M', 'Blanco', '2015-10-10', 3, 'Empresa de Prueba', 'Especialista', 'Superior', 'Licenciado', 'Dirección registrada #354', '55500354', NULL, 354, '2026-04-26 05:25:55', '2026-04-26 05:25:55', NULL),
(389, 'Nombre_355', NULL, 'Apel_355', 'Test', 'Nombre_355 Apel_355 Test', '90000000355', '1990-05-15', 'F', 'Blanco', '2015-10-10', 3, 'Empresa de Prueba', 'Especialista', 'Superior', 'Licenciado', 'Dirección registrada #355', '55500355', NULL, 355, '2026-04-26 05:25:55', '2026-04-26 05:25:55', NULL),
(390, 'Nombre_356', NULL, 'Apel_356', 'Test', 'Nombre_356 Apel_356 Test', '90000000356', '1990-05-15', 'M', 'Blanco', '2015-10-10', 7, 'Empresa de Prueba', 'Especialista', 'Superior', 'Licenciado', 'Dirección registrada #356', '55500356', NULL, 356, '2026-04-26 05:25:55', '2026-04-26 05:25:55', NULL),
(391, 'Nombre_357', NULL, 'Apel_357', 'Test', 'Nombre_357 Apel_357 Test', '90000000357', '1990-05-15', 'F', 'Blanco', '2015-10-10', 1, 'Empresa de Prueba', 'Especialista', 'Superior', 'Licenciado', 'Dirección registrada #357', '55500357', NULL, 357, '2026-04-26 05:25:55', '2026-04-26 05:25:55', NULL),
(392, 'Nombre_358', NULL, 'Apel_358', 'Test', 'Nombre_358 Apel_358 Test', '90000000358', '1990-05-15', 'M', 'Blanco', '2015-10-10', 7, 'Empresa de Prueba', 'Especialista', 'Superior', 'Licenciado', 'Dirección registrada #358', '55500358', NULL, 358, '2026-04-26 05:25:55', '2026-04-26 05:25:55', NULL),
(393, 'Nombre_359', NULL, 'Apel_359', 'Test', 'Nombre_359 Apel_359 Test', '90000000359', '1990-05-15', 'F', 'Blanco', '2015-10-10', 4, 'Empresa de Prueba', 'Especialista', 'Superior', 'Licenciado', 'Dirección registrada #359', '55500359', NULL, 359, '2026-04-26 05:25:55', '2026-04-26 05:25:55', NULL),
(394, 'Nombre_360', NULL, 'Apel_360', 'Test', 'Nombre_360 Apel_360 Test', '90000000360', '1990-05-15', 'M', 'Blanco', '2015-10-10', 6, 'Empresa de Prueba', 'Especialista', 'Superior', 'Licenciado', 'Dirección registrada #360', '55500360', NULL, 360, '2026-04-26 05:25:55', '2026-04-26 05:25:55', NULL),
(395, 'Nombre_361', NULL, 'Apel_361', 'Test', 'Nombre_361 Apel_361 Test', '90000000361', '1990-05-15', 'F', 'Blanco', '2015-10-10', 2, 'Empresa de Prueba', 'Especialista', 'Superior', 'Licenciado', 'Dirección registrada #361', '55500361', NULL, 361, '2026-04-26 05:25:55', '2026-04-26 05:25:55', NULL),
(396, 'Nombre_362', NULL, 'Apel_362', 'Test', 'Nombre_362 Apel_362 Test', '90000000362', '1990-05-15', 'M', 'Blanco', '2015-10-10', 1, 'Empresa de Prueba', 'Especialista', 'Superior', 'Licenciado', 'Dirección registrada #362', '55500362', NULL, 362, '2026-04-26 05:25:55', '2026-04-26 05:25:55', NULL),
(397, 'Nombre_363', NULL, 'Apel_363', 'Test', 'Nombre_363 Apel_363 Test', '90000000363', '1990-05-15', 'F', 'Blanco', '2015-10-10', 4, 'Empresa de Prueba', 'Especialista', 'Superior', 'Licenciado', 'Dirección registrada #363', '55500363', NULL, 363, '2026-04-26 05:25:55', '2026-04-26 05:25:55', NULL),
(398, 'Nombre_364', NULL, 'Apel_364', 'Test', 'Nombre_364 Apel_364 Test', '90000000364', '1990-05-15', 'M', 'Blanco', '2015-10-10', 1, 'Empresa de Prueba', 'Especialista', 'Superior', 'Licenciado', 'Dirección registrada #364', '55500364', NULL, 364, '2026-04-26 05:25:55', '2026-04-26 05:25:55', NULL),
(399, 'Nombre_365', NULL, 'Apel_365', 'Test', 'Nombre_365 Apel_365 Test', '90000000365', '1990-05-15', 'F', 'Blanco', '2015-10-10', 2, 'Empresa de Prueba', 'Especialista', 'Superior', 'Licenciado', 'Dirección registrada #365', '55500365', NULL, 365, '2026-04-26 05:25:55', '2026-04-26 05:25:55', NULL),
(400, 'Nombre_366', NULL, 'Apel_366', 'Test', 'Nombre_366 Apel_366 Test', '90000000366', '1990-05-15', 'M', 'Blanco', '2015-10-10', 5, 'Empresa de Prueba', 'Especialista', 'Superior', 'Licenciado', 'Dirección registrada #366', '55500366', NULL, 366, '2026-04-26 05:25:55', '2026-04-26 05:25:55', NULL),
(401, 'Nombre_367', NULL, 'Apel_367', 'Test', 'Nombre_367 Apel_367 Test', '90000000367', '1990-05-15', 'F', 'Blanco', '2015-10-10', 4, 'Empresa de Prueba', 'Especialista', 'Superior', 'Licenciado', 'Dirección registrada #367', '55500367', NULL, 367, '2026-04-26 05:25:55', '2026-04-26 05:25:55', NULL),
(402, 'Nombre_368', NULL, 'Apel_368', 'Test', 'Nombre_368 Apel_368 Test', '90000000368', '1990-05-15', 'M', 'Blanco', '2015-10-10', 4, 'Empresa de Prueba', 'Especialista', 'Superior', 'Licenciado', 'Dirección registrada #368', '55500368', NULL, 368, '2026-04-26 05:25:55', '2026-04-26 05:25:55', NULL),
(403, 'Nombre_369', NULL, 'Apel_369', 'Test', 'Nombre_369 Apel_369 Test', '90000000369', '1990-05-15', 'F', 'Blanco', '2015-10-10', 2, 'Empresa de Prueba', 'Especialista', 'Superior', 'Licenciado', 'Dirección registrada #369', '55500369', NULL, 369, '2026-04-26 05:25:55', '2026-04-26 05:25:55', NULL),
(404, 'Nombre_370', NULL, 'Apel_370', 'Test', 'Nombre_370 Apel_370 Test', '90000000370', '1990-05-15', 'M', 'Blanco', '2015-10-10', 2, 'Empresa de Prueba', 'Especialista', 'Superior', 'Licenciado', 'Dirección registrada #370', '55500370', NULL, 370, '2026-04-26 05:25:55', '2026-04-26 05:25:55', NULL),
(405, 'Nombre_371', NULL, 'Apel_371', 'Test', 'Nombre_371 Apel_371 Test', '90000000371', '1990-05-15', 'F', 'Blanco', '2015-10-10', 5, 'Empresa de Prueba', 'Especialista', 'Superior', 'Licenciado', 'Dirección registrada #371', '55500371', NULL, 371, '2026-04-26 05:25:55', '2026-04-26 05:25:55', NULL),
(406, 'Nombre_372', NULL, 'Apel_372', 'Test', 'Nombre_372 Apel_372 Test', '90000000372', '1990-05-15', 'M', 'Blanco', '2015-10-10', 2, 'Empresa de Prueba', 'Especialista', 'Superior', 'Licenciado', 'Dirección registrada #372', '55500372', NULL, 372, '2026-04-26 05:25:55', '2026-04-26 05:25:55', NULL),
(407, 'Nombre_373', NULL, 'Apel_373', 'Test', 'Nombre_373 Apel_373 Test', '90000000373', '1990-05-15', 'F', 'Blanco', '2015-10-10', 5, 'Empresa de Prueba', 'Especialista', 'Superior', 'Licenciado', 'Dirección registrada #373', '55500373', NULL, 373, '2026-04-26 05:25:55', '2026-04-26 05:25:55', NULL),
(408, 'Nombre_374', NULL, 'Apel_374', 'Test', 'Nombre_374 Apel_374 Test', '90000000374', '1990-05-15', 'M', 'Blanco', '2015-10-10', 2, 'Empresa de Prueba', 'Especialista', 'Superior', 'Licenciado', 'Dirección registrada #374', '55500374', NULL, 374, '2026-04-26 05:25:55', '2026-04-26 05:25:55', NULL),
(409, 'Nombre_375', NULL, 'Apel_375', 'Test', 'Nombre_375 Apel_375 Test', '90000000375', '1990-05-15', 'F', 'Blanco', '2015-10-10', 1, 'Empresa de Prueba', 'Especialista', 'Superior', 'Licenciado', 'Dirección registrada #375', '55500375', NULL, 375, '2026-04-26 05:25:55', '2026-04-26 05:25:55', NULL),
(410, 'Nombre_376', NULL, 'Apel_376', 'Test', 'Nombre_376 Apel_376 Test', '90000000376', '1990-05-15', 'M', 'Blanco', '2015-10-10', 1, 'Empresa de Prueba', 'Especialista', 'Superior', 'Licenciado', 'Dirección registrada #376', '55500376', NULL, 376, '2026-04-26 05:25:55', '2026-04-26 05:25:55', NULL),
(411, 'Nombre_377', NULL, 'Apel_377', 'Test', 'Nombre_377 Apel_377 Test', '90000000377', '1990-05-15', 'F', 'Blanco', '2015-10-10', 3, 'Empresa de Prueba', 'Especialista', 'Superior', 'Licenciado', 'Dirección registrada #377', '55500377', NULL, 377, '2026-04-26 05:25:55', '2026-04-26 05:25:55', NULL),
(412, 'Nombre_378', NULL, 'Apel_378', 'Test', 'Nombre_378 Apel_378 Test', '90000000378', '1990-05-15', 'M', 'Blanco', '2015-10-10', 1, 'Empresa de Prueba', 'Especialista', 'Superior', 'Licenciado', 'Dirección registrada #378', '55500378', NULL, 378, '2026-04-26 05:25:55', '2026-04-26 05:25:55', NULL),
(413, 'Nombre_379', NULL, 'Apel_379', 'Test', 'Nombre_379 Apel_379 Test', '90000000379', '1990-05-15', 'F', 'Blanco', '2015-10-10', 3, 'Empresa de Prueba', 'Especialista', 'Superior', 'Licenciado', 'Dirección registrada #379', '55500379', NULL, 379, '2026-04-26 05:25:55', '2026-04-26 05:25:55', NULL),
(414, 'Nombre_380', NULL, 'Apel_380', 'Test', 'Nombre_380 Apel_380 Test', '90000000380', '1990-05-15', 'M', 'Blanco', '2015-10-10', 4, 'Empresa de Prueba', 'Especialista', 'Superior', 'Licenciado', 'Dirección registrada #380', '55500380', NULL, 380, '2026-04-26 05:25:55', '2026-04-26 05:25:55', NULL),
(415, 'Nombre_381', NULL, 'Apel_381', 'Test', 'Nombre_381 Apel_381 Test', '90000000381', '1990-05-15', 'F', 'Blanco', '2015-10-10', 4, 'Empresa de Prueba', 'Especialista', 'Superior', 'Licenciado', 'Dirección registrada #381', '55500381', NULL, 381, '2026-04-26 05:25:55', '2026-04-26 05:25:55', NULL),
(416, 'Nombre_382', NULL, 'Apel_382', 'Test', 'Nombre_382 Apel_382 Test', '90000000382', '1990-05-15', 'M', 'Blanco', '2015-10-10', 7, 'Empresa de Prueba', 'Especialista', 'Superior', 'Licenciado', 'Dirección registrada #382', '55500382', NULL, 382, '2026-04-26 05:25:55', '2026-04-26 05:25:55', NULL),
(417, 'Nombre_383', NULL, 'Apel_383', 'Test', 'Nombre_383 Apel_383 Test', '90000000383', '1990-05-15', 'F', 'Blanco', '2015-10-10', 2, 'Empresa de Prueba', 'Especialista', 'Superior', 'Licenciado', 'Dirección registrada #383', '55500383', NULL, 383, '2026-04-26 05:25:55', '2026-04-26 05:25:55', NULL),
(418, 'Nombre_384', NULL, 'Apel_384', 'Test', 'Nombre_384 Apel_384 Test', '90000000384', '1990-05-15', 'M', 'Blanco', '2015-10-10', 1, 'Empresa de Prueba', 'Especialista', 'Superior', 'Licenciado', 'Dirección registrada #384', '55500384', NULL, 384, '2026-04-26 05:25:55', '2026-04-26 05:25:55', NULL),
(419, 'Nombre_385', NULL, 'Apel_385', 'Test', 'Nombre_385 Apel_385 Test', '90000000385', '1990-05-15', 'F', 'Blanco', '2015-10-10', 5, 'Empresa de Prueba', 'Especialista', 'Superior', 'Licenciado', 'Dirección registrada #385', '55500385', NULL, 385, '2026-04-26 05:25:55', '2026-04-26 05:25:55', NULL),
(420, 'Nombre_386', NULL, 'Apel_386', 'Test', 'Nombre_386 Apel_386 Test', '90000000386', '1990-05-15', 'M', 'Blanco', '2015-10-10', 1, 'Empresa de Prueba', 'Especialista', 'Superior', 'Licenciado', 'Dirección registrada #386', '55500386', NULL, 386, '2026-04-26 05:25:55', '2026-04-26 05:25:55', NULL),
(421, 'Nombre_387', NULL, 'Apel_387', 'Test', 'Nombre_387 Apel_387 Test', '90000000387', '1990-05-15', 'F', 'Blanco', '2015-10-10', 3, 'Empresa de Prueba', 'Especialista', 'Superior', 'Licenciado', 'Dirección registrada #387', '55500387', NULL, 387, '2026-04-26 05:25:55', '2026-04-26 05:25:55', NULL),
(422, 'Nombre_388', NULL, 'Apel_388', 'Test', 'Nombre_388 Apel_388 Test', '90000000388', '1990-05-15', 'M', 'Blanco', '2015-10-10', 5, 'Empresa de Prueba', 'Especialista', 'Superior', 'Licenciado', 'Dirección registrada #388', '55500388', NULL, 388, '2026-04-26 05:25:55', '2026-04-26 05:25:55', NULL),
(423, 'Nombre_389', NULL, 'Apel_389', 'Test', 'Nombre_389 Apel_389 Test', '90000000389', '1990-05-15', 'F', 'Blanco', '2015-10-10', 1, 'Empresa de Prueba', 'Especialista', 'Superior', 'Licenciado', 'Dirección registrada #389', '55500389', NULL, 389, '2026-04-26 05:25:55', '2026-04-26 05:25:55', NULL),
(424, 'Nombre_390', NULL, 'Apel_390', 'Test', 'Nombre_390 Apel_390 Test', '90000000390', '1990-05-15', 'M', 'Blanco', '2015-10-10', 2, 'Empresa de Prueba', 'Especialista', 'Superior', 'Licenciado', 'Dirección registrada #390', '55500390', NULL, 390, '2026-04-26 05:25:55', '2026-04-26 05:25:55', NULL),
(425, 'Nombre_391', NULL, 'Apel_391', 'Test', 'Nombre_391 Apel_391 Test', '90000000391', '1990-05-15', 'F', 'Blanco', '2015-10-10', 7, 'Empresa de Prueba', 'Especialista', 'Superior', 'Licenciado', 'Dirección registrada #391', '55500391', NULL, 391, '2026-04-26 05:25:55', '2026-04-26 05:25:55', NULL),
(426, 'Nombre_392', NULL, 'Apel_392', 'Test', 'Nombre_392 Apel_392 Test', '90000000392', '1990-05-15', 'M', 'Blanco', '2015-10-10', 7, 'Empresa de Prueba', 'Especialista', 'Superior', 'Licenciado', 'Dirección registrada #392', '55500392', NULL, 392, '2026-04-26 05:25:55', '2026-04-26 05:25:55', NULL),
(427, 'Nombre_393', NULL, 'Apel_393', 'Test', 'Nombre_393 Apel_393 Test', '90000000393', '1990-05-15', 'F', 'Blanco', '2015-10-10', 1, 'Empresa de Prueba', 'Especialista', 'Superior', 'Licenciado', 'Dirección registrada #393', '55500393', NULL, 393, '2026-04-26 05:25:55', '2026-04-26 05:25:55', NULL),
(428, 'Nombre_394', NULL, 'Apel_394', 'Test', 'Nombre_394 Apel_394 Test', '90000000394', '1990-05-15', 'M', 'Blanco', '2015-10-10', 3, 'Empresa de Prueba', 'Especialista', 'Superior', 'Licenciado', 'Dirección registrada #394', '55500394', NULL, 394, '2026-04-26 05:25:55', '2026-04-26 05:25:55', NULL),
(429, 'Nombre_395', NULL, 'Apel_395', 'Test', 'Nombre_395 Apel_395 Test', '90000000395', '1990-05-15', 'F', 'Blanco', '2015-10-10', 7, 'Empresa de Prueba', 'Especialista', 'Superior', 'Licenciado', 'Dirección registrada #395', '55500395', NULL, 395, '2026-04-26 05:25:55', '2026-04-26 05:25:55', NULL),
(430, 'Leonardo', '', 'Díaz', 'Gonzalez', 'Leonardo  Díaz Gonzalez', '99041602385', '1999-04-16', 'M', 'Blanco', '2015-08-16', 5, 'Primero de Mayo', 'Tecnico', 'Superior', 'Ingenieria Informática', 'Km 2 1/2 carretera luis lazo', '52049116', 'Leo', 396, '2026-04-26 05:27:12', '2026-04-28 02:54:30', NULL),
(431, 'Adriana', '', 'Perez', 'Sanchez', 'Adriana  Perez Sanchez', '99041602383', '2004-07-15', 'F', 'Blanco', '2019-05-19', 7, 'escuela', 'estudiante', 'Medio', NULL, 'carretera coloma', '56782213', '', 397, '2026-04-26 05:28:12', '2026-04-26 05:28:12', NULL),
(432, 'Fernando', '', 'Díaz', 'garcía', 'Fernando  Díaz garcía', '68090215065', '1968-09-02', 'F', 'Blanco', '2010-07-15', 1, 'Marino', 'dependiente', 'Medio', NULL, 'Km 2 1/2 carretera luis lazo', '56612180', '', 10, '2026-04-26 21:41:29', '2026-04-26 21:41:29', NULL),
(433, 'pepe', '', 'Díaz', 'Gonzalez', 'pepe  Díaz Gonzalez', '99041605358', '2000-04-16', 'M', 'Blanco', '2020-05-18', 7, 'escuela', 'estudiante', 'Primaria', NULL, 'Km 2 1/2 carretera luis lazo', '52049116', 'asdasd', 399, '2026-04-27 01:38:42', '2026-04-27 01:38:42', NULL),
(434, 'asad', '', 'asda', 'asdad', 'asad  asda asdad', '99053862485', '1995-05-04', 'M', 'Negro', '2010-09-16', 1, 'Primero de Mayo', 'Tecnico', 'Medio', NULL, 'Km 2 1/2 carretera luis lazo', '56612180', 'csseeas', 400, '2026-04-27 01:44:58', '2026-04-27 01:44:58', NULL),
(435, 'asdad', '', 'asda', 'adad', 'asdad  asda adad', '00041602348', '2000-04-16', 'M', 'Blanco', '2013-05-16', 3, 'Primero de Mayo', 'Tecnico', 'Medio', NULL, 'Km 2 1/2 carretera luis lazo', '52049116', 'Leo', NULL, '2026-04-27 01:58:40', '2026-04-28 01:51:48', '2026-04-27 21:51:48');

-- --------------------------------------------------------

--
-- Estructura de tabla para la tabla `nucleos`
--

CREATE TABLE `nucleos` (
  `id` int(11) NOT NULL,
  `nombre` varchar(100) NOT NULL,
  `numero_nucleo` varchar(20) NOT NULL
) ENGINE=InnoDB DEFAULT CHARSET=utf8mb4 COLLATE=utf8mb4_general_ci;

--
-- Volcado de datos para la tabla `nucleos`
--

INSERT INTO `nucleos` (`id`, `nombre`, `numero_nucleo`) VALUES
(1, 'Dirección General', '001'),
(2, 'Recursos Humanos', '002'),
(3, 'Departamento de Producción', '003'),
(4, 'Servicios Internos', '004'),
(5, 'Tecnología e Informática', '005'),
(6, 'Mantenimiento y Logística', '006'),
(7, 'Contabilidad y Finanzas', '007'),
(8, 'Atención al Cliente', '008');

-- --------------------------------------------------------

--
-- Estructura de tabla para la tabla `ubicaciones`
--

CREATE TABLE `ubicaciones` (
  `id` int(11) NOT NULL,
  `estante_id` int(11) NOT NULL,
  `cajuela` int(11) NOT NULL,
  `posicion_global` int(11) NOT NULL,
  `estado` enum('libre','ocupada') DEFAULT 'libre'
) ENGINE=InnoDB DEFAULT CHARSET=utf8mb4 COLLATE=utf8mb4_general_ci;

--
-- Volcado de datos para la tabla `ubicaciones`
--

INSERT INTO `ubicaciones` (`id`, `estante_id`, `cajuela`, `posicion_global`, `estado`) VALUES
(1, 1, 1, 1, 'ocupada'),
(2, 1, 1, 2, 'ocupada'),
(3, 1, 1, 3, 'ocupada'),
(4, 1, 1, 4, 'ocupada'),
(5, 1, 1, 5, 'ocupada'),
(6, 1, 1, 6, 'ocupada'),
(7, 1, 1, 7, 'ocupada'),
(8, 1, 1, 8, 'ocupada'),
(9, 1, 1, 9, 'ocupada'),
(10, 1, 2, 10, 'ocupada'),
(11, 1, 2, 11, 'ocupada'),
(12, 1, 2, 12, 'ocupada'),
(13, 1, 2, 13, 'ocupada'),
(14, 1, 2, 14, 'ocupada'),
(15, 1, 2, 15, 'ocupada'),
(16, 1, 2, 16, 'ocupada'),
(17, 1, 2, 17, 'ocupada'),
(18, 1, 2, 18, 'ocupada'),
(19, 1, 3, 19, 'ocupada'),
(20, 1, 3, 20, 'ocupada'),
(21, 1, 3, 21, 'ocupada'),
(22, 1, 3, 22, 'ocupada'),
(23, 1, 3, 23, 'ocupada'),
(24, 1, 3, 24, 'ocupada'),
(25, 1, 3, 25, 'ocupada'),
(26, 1, 3, 26, 'ocupada'),
(27, 1, 3, 27, 'ocupada'),
(28, 1, 4, 28, 'ocupada'),
(29, 1, 4, 29, 'ocupada'),
(30, 1, 4, 30, 'ocupada'),
(31, 1, 4, 31, 'ocupada'),
(32, 1, 4, 32, 'ocupada'),
(33, 1, 4, 33, 'ocupada'),
(34, 1, 4, 34, 'ocupada'),
(35, 1, 4, 35, 'ocupada'),
(36, 1, 4, 36, 'ocupada'),
(37, 1, 5, 37, 'ocupada'),
(38, 1, 5, 38, 'ocupada'),
(39, 1, 5, 39, 'ocupada'),
(40, 1, 5, 40, 'ocupada'),
(41, 1, 5, 41, 'ocupada'),
(42, 1, 5, 42, 'ocupada'),
(43, 1, 5, 43, 'ocupada'),
(44, 1, 5, 44, 'ocupada'),
(45, 1, 5, 45, 'ocupada'),
(46, 1, 6, 46, 'ocupada'),
(47, 1, 6, 47, 'ocupada'),
(48, 1, 6, 48, 'ocupada'),
(49, 1, 6, 49, 'ocupada'),
(50, 1, 6, 50, 'ocupada'),
(51, 1, 6, 51, 'ocupada'),
(52, 1, 6, 52, 'ocupada'),
(53, 1, 6, 53, 'ocupada'),
(54, 1, 6, 54, 'ocupada'),
(55, 1, 7, 55, 'ocupada'),
(56, 1, 7, 56, 'ocupada'),
(57, 1, 7, 57, 'ocupada'),
(58, 1, 7, 58, 'ocupada'),
(59, 1, 7, 59, 'ocupada'),
(60, 1, 7, 60, 'ocupada'),
(61, 1, 7, 61, 'ocupada'),
(62, 1, 7, 62, 'ocupada'),
(63, 1, 7, 63, 'ocupada'),
(64, 1, 8, 64, 'ocupada'),
(65, 1, 8, 65, 'ocupada'),
(66, 1, 8, 66, 'ocupada'),
(67, 1, 8, 67, 'ocupada'),
(68, 1, 8, 68, 'ocupada'),
(69, 1, 8, 69, 'ocupada'),
(70, 1, 8, 70, 'ocupada'),
(71, 1, 8, 71, 'ocupada'),
(72, 1, 8, 72, 'ocupada'),
(73, 1, 9, 73, 'ocupada'),
(74, 1, 9, 74, 'ocupada'),
(75, 1, 9, 75, 'ocupada'),
(76, 1, 9, 76, 'ocupada'),
(77, 1, 9, 77, 'ocupada'),
(78, 1, 9, 78, 'ocupada'),
(79, 1, 9, 79, 'ocupada'),
(80, 1, 9, 80, 'ocupada'),
(81, 1, 9, 81, 'ocupada'),
(82, 1, 10, 82, 'ocupada'),
(83, 1, 10, 83, 'ocupada'),
(84, 1, 10, 84, 'ocupada'),
(85, 1, 10, 85, 'ocupada'),
(86, 1, 10, 86, 'ocupada'),
(87, 1, 10, 87, 'ocupada'),
(88, 1, 10, 88, 'ocupada'),
(89, 1, 10, 89, 'ocupada'),
(90, 1, 10, 90, 'ocupada'),
(91, 1, 11, 91, 'ocupada'),
(92, 1, 11, 92, 'ocupada'),
(93, 1, 11, 93, 'ocupada'),
(94, 1, 11, 94, 'ocupada'),
(95, 1, 11, 95, 'ocupada'),
(96, 1, 11, 96, 'ocupada'),
(97, 1, 11, 97, 'ocupada'),
(98, 1, 11, 98, 'ocupada'),
(99, 1, 11, 99, 'ocupada'),
(100, 1, 12, 100, 'ocupada'),
(101, 1, 12, 101, 'ocupada'),
(102, 1, 12, 102, 'ocupada'),
(103, 1, 12, 103, 'ocupada'),
(104, 1, 12, 104, 'ocupada'),
(105, 1, 12, 105, 'ocupada'),
(106, 1, 12, 106, 'ocupada'),
(107, 1, 12, 107, 'ocupada'),
(108, 1, 12, 108, 'ocupada'),
(109, 1, 13, 109, 'ocupada'),
(110, 1, 13, 110, 'ocupada'),
(111, 1, 13, 111, 'ocupada'),
(112, 1, 13, 112, 'ocupada'),
(113, 1, 13, 113, 'ocupada'),
(114, 1, 13, 114, 'ocupada'),
(115, 1, 13, 115, 'ocupada'),
(116, 1, 13, 116, 'ocupada'),
(117, 1, 13, 117, 'ocupada'),
(118, 1, 14, 118, 'ocupada'),
(119, 1, 14, 119, 'ocupada'),
(120, 1, 14, 120, 'ocupada'),
(121, 1, 14, 121, 'ocupada'),
(122, 1, 14, 122, 'ocupada'),
(123, 1, 14, 123, 'ocupada'),
(124, 1, 14, 124, 'ocupada'),
(125, 1, 14, 125, 'ocupada'),
(126, 1, 14, 126, 'ocupada'),
(127, 1, 15, 127, 'ocupada'),
(128, 1, 15, 128, 'ocupada'),
(129, 1, 15, 129, 'ocupada'),
(130, 1, 15, 130, 'ocupada'),
(131, 1, 15, 131, 'ocupada'),
(132, 1, 15, 132, 'ocupada'),
(133, 1, 15, 133, 'ocupada'),
(134, 1, 15, 134, 'ocupada'),
(135, 1, 15, 135, 'ocupada'),
(136, 1, 16, 136, 'ocupada'),
(137, 1, 16, 137, 'ocupada'),
(138, 1, 16, 138, 'ocupada'),
(139, 1, 16, 139, 'ocupada'),
(140, 1, 16, 140, 'ocupada'),
(141, 1, 16, 141, 'ocupada'),
(142, 1, 16, 142, 'ocupada'),
(143, 1, 16, 143, 'ocupada'),
(144, 1, 16, 144, 'ocupada'),
(145, 1, 17, 145, 'ocupada'),
(146, 1, 17, 146, 'ocupada'),
(147, 1, 17, 147, 'ocupada'),
(148, 1, 17, 148, 'ocupada'),
(149, 1, 17, 149, 'ocupada'),
(150, 1, 17, 150, 'ocupada'),
(151, 1, 17, 151, 'ocupada'),
(152, 1, 17, 152, 'ocupada'),
(153, 1, 17, 153, 'ocupada'),
(154, 1, 18, 154, 'ocupada'),
(155, 1, 18, 155, 'ocupada'),
(156, 1, 18, 156, 'ocupada'),
(157, 1, 18, 157, 'ocupada'),
(158, 1, 18, 158, 'ocupada'),
(159, 1, 18, 159, 'ocupada'),
(160, 1, 18, 160, 'ocupada'),
(161, 1, 18, 161, 'ocupada'),
(162, 1, 18, 162, 'ocupada'),
(163, 1, 19, 163, 'ocupada'),
(164, 1, 19, 164, 'ocupada'),
(165, 1, 19, 165, 'ocupada'),
(166, 1, 19, 166, 'ocupada'),
(167, 1, 19, 167, 'ocupada'),
(168, 1, 19, 168, 'ocupada'),
(169, 1, 19, 169, 'ocupada'),
(170, 1, 19, 170, 'ocupada'),
(171, 1, 19, 171, 'ocupada'),
(172, 1, 20, 172, 'ocupada'),
(173, 1, 20, 173, 'ocupada'),
(174, 1, 20, 174, 'ocupada'),
(175, 1, 20, 175, 'ocupada'),
(176, 1, 20, 176, 'ocupada'),
(177, 1, 20, 177, 'ocupada'),
(178, 1, 20, 178, 'ocupada'),
(179, 1, 20, 179, 'ocupada'),
(180, 1, 20, 180, 'ocupada'),
(181, 1, 21, 181, 'ocupada'),
(182, 1, 21, 182, 'ocupada'),
(183, 1, 21, 183, 'ocupada'),
(184, 1, 21, 184, 'ocupada'),
(185, 1, 21, 185, 'ocupada'),
(186, 1, 21, 186, 'ocupada'),
(187, 1, 21, 187, 'ocupada'),
(188, 1, 21, 188, 'ocupada'),
(189, 1, 21, 189, 'ocupada'),
(190, 1, 22, 190, 'ocupada'),
(191, 1, 22, 191, 'ocupada'),
(192, 1, 22, 192, 'ocupada'),
(193, 1, 22, 193, 'ocupada'),
(194, 1, 22, 194, 'ocupada'),
(195, 1, 22, 195, 'ocupada'),
(196, 1, 22, 196, 'ocupada'),
(197, 1, 22, 197, 'ocupada'),
(198, 1, 22, 198, 'ocupada'),
(199, 1, 23, 199, 'ocupada'),
(200, 1, 23, 200, 'ocupada'),
(201, 1, 23, 201, 'ocupada'),
(202, 1, 23, 202, 'ocupada'),
(203, 1, 23, 203, 'ocupada'),
(204, 1, 23, 204, 'ocupada'),
(205, 1, 23, 205, 'ocupada'),
(206, 1, 23, 206, 'ocupada'),
(207, 1, 23, 207, 'ocupada'),
(208, 1, 24, 208, 'ocupada'),
(209, 1, 24, 209, 'ocupada'),
(210, 1, 24, 210, 'ocupada'),
(211, 1, 24, 211, 'ocupada'),
(212, 1, 24, 212, 'ocupada'),
(213, 1, 24, 213, 'ocupada'),
(214, 1, 24, 214, 'ocupada'),
(215, 1, 24, 215, 'ocupada'),
(216, 1, 24, 216, 'ocupada'),
(217, 1, 25, 217, 'ocupada'),
(218, 1, 25, 218, 'ocupada'),
(219, 1, 25, 219, 'ocupada'),
(220, 1, 25, 220, 'ocupada'),
(221, 1, 25, 221, 'ocupada'),
(222, 1, 25, 222, 'ocupada'),
(223, 1, 25, 223, 'ocupada'),
(224, 1, 25, 224, 'ocupada'),
(225, 1, 25, 225, 'ocupada'),
(226, 1, 26, 226, 'ocupada'),
(227, 1, 26, 227, 'ocupada'),
(228, 1, 26, 228, 'ocupada'),
(229, 1, 26, 229, 'ocupada'),
(230, 1, 26, 230, 'ocupada'),
(231, 1, 26, 231, 'ocupada'),
(232, 1, 26, 232, 'ocupada'),
(233, 1, 26, 233, 'ocupada'),
(234, 1, 26, 234, 'ocupada'),
(235, 1, 27, 235, 'ocupada'),
(236, 1, 27, 236, 'ocupada'),
(237, 1, 27, 237, 'ocupada'),
(238, 1, 27, 238, 'ocupada'),
(239, 1, 27, 239, 'ocupada'),
(240, 1, 27, 240, 'ocupada'),
(241, 1, 27, 241, 'ocupada'),
(242, 1, 27, 242, 'ocupada'),
(243, 1, 27, 243, 'ocupada'),
(244, 1, 28, 244, 'ocupada'),
(245, 1, 28, 245, 'ocupada'),
(246, 1, 28, 246, 'ocupada'),
(247, 1, 28, 247, 'ocupada'),
(248, 1, 28, 248, 'ocupada'),
(249, 1, 28, 249, 'ocupada'),
(250, 1, 28, 250, 'ocupada'),
(251, 1, 28, 251, 'ocupada'),
(252, 1, 28, 252, 'ocupada'),
(253, 1, 29, 253, 'ocupada'),
(254, 1, 29, 254, 'ocupada'),
(255, 1, 29, 255, 'ocupada'),
(256, 1, 29, 256, 'ocupada'),
(257, 1, 29, 257, 'ocupada'),
(258, 1, 29, 258, 'ocupada'),
(259, 1, 29, 259, 'ocupada'),
(260, 1, 29, 260, 'ocupada'),
(261, 1, 29, 261, 'ocupada'),
(262, 1, 30, 262, 'ocupada'),
(263, 1, 30, 263, 'ocupada'),
(264, 1, 30, 264, 'ocupada'),
(265, 1, 30, 265, 'ocupada'),
(266, 1, 30, 266, 'ocupada'),
(267, 1, 30, 267, 'ocupada'),
(268, 1, 30, 268, 'ocupada'),
(269, 1, 30, 269, 'ocupada'),
(270, 1, 30, 270, 'ocupada'),
(271, 1, 31, 271, 'ocupada'),
(272, 1, 31, 272, 'ocupada'),
(273, 1, 31, 273, 'ocupada'),
(274, 1, 31, 274, 'ocupada'),
(275, 1, 31, 275, 'ocupada'),
(276, 1, 31, 276, 'ocupada'),
(277, 1, 31, 277, 'ocupada'),
(278, 1, 31, 278, 'ocupada'),
(279, 1, 31, 279, 'ocupada'),
(280, 1, 32, 280, 'ocupada'),
(281, 1, 32, 281, 'ocupada'),
(282, 1, 32, 282, 'ocupada'),
(283, 1, 32, 283, 'ocupada'),
(284, 1, 32, 284, 'ocupada'),
(285, 1, 32, 285, 'ocupada'),
(286, 1, 32, 286, 'ocupada'),
(287, 1, 32, 287, 'ocupada'),
(288, 1, 32, 288, 'ocupada'),
(289, 1, 33, 289, 'ocupada'),
(290, 1, 33, 290, 'ocupada'),
(291, 1, 33, 291, 'ocupada'),
(292, 1, 33, 292, 'ocupada'),
(293, 1, 33, 293, 'ocupada'),
(294, 1, 33, 294, 'ocupada'),
(295, 1, 33, 295, 'ocupada'),
(296, 1, 33, 296, 'ocupada'),
(297, 1, 33, 297, 'ocupada'),
(298, 1, 34, 298, 'ocupada'),
(299, 1, 34, 299, 'ocupada'),
(300, 1, 34, 300, 'ocupada'),
(301, 1, 34, 301, 'ocupada'),
(302, 1, 34, 302, 'ocupada'),
(303, 1, 34, 303, 'ocupada'),
(304, 1, 34, 304, 'ocupada'),
(305, 1, 34, 305, 'ocupada'),
(306, 1, 34, 306, 'ocupada'),
(307, 1, 35, 307, 'ocupada'),
(308, 1, 35, 308, 'ocupada'),
(309, 1, 35, 309, 'ocupada'),
(310, 1, 35, 310, 'ocupada'),
(311, 1, 35, 311, 'ocupada'),
(312, 1, 35, 312, 'ocupada'),
(313, 1, 35, 313, 'ocupada'),
(314, 1, 35, 314, 'ocupada'),
(315, 1, 35, 315, 'ocupada'),
(316, 1, 36, 316, 'ocupada'),
(317, 1, 36, 317, 'ocupada'),
(318, 1, 36, 318, 'ocupada'),
(319, 1, 36, 319, 'ocupada'),
(320, 1, 36, 320, 'ocupada'),
(321, 1, 36, 321, 'ocupada'),
(322, 1, 36, 322, 'ocupada'),
(323, 1, 36, 323, 'ocupada'),
(324, 1, 36, 324, 'ocupada'),
(325, 1, 37, 325, 'ocupada'),
(326, 1, 37, 326, 'ocupada'),
(327, 1, 37, 327, 'ocupada'),
(328, 1, 37, 328, 'ocupada'),
(329, 1, 37, 329, 'ocupada'),
(330, 1, 37, 330, 'ocupada'),
(331, 1, 37, 331, 'ocupada'),
(332, 1, 37, 332, 'ocupada'),
(333, 1, 37, 333, 'ocupada'),
(334, 1, 38, 334, 'ocupada'),
(335, 1, 38, 335, 'ocupada'),
(336, 1, 38, 336, 'ocupada'),
(337, 1, 38, 337, 'ocupada'),
(338, 1, 38, 338, 'ocupada'),
(339, 1, 38, 339, 'ocupada'),
(340, 1, 38, 340, 'ocupada'),
(341, 1, 38, 341, 'ocupada'),
(342, 1, 38, 342, 'ocupada'),
(343, 1, 39, 343, 'ocupada'),
(344, 1, 39, 344, 'ocupada'),
(345, 1, 39, 345, 'ocupada'),
(346, 1, 39, 346, 'ocupada'),
(347, 1, 39, 347, 'ocupada'),
(348, 1, 39, 348, 'ocupada'),
(349, 1, 39, 349, 'ocupada'),
(350, 1, 39, 350, 'ocupada'),
(351, 1, 39, 351, 'ocupada'),
(352, 1, 40, 352, 'ocupada'),
(353, 1, 40, 353, 'ocupada'),
(354, 1, 40, 354, 'ocupada'),
(355, 1, 40, 355, 'ocupada'),
(356, 1, 40, 356, 'ocupada'),
(357, 1, 40, 357, 'ocupada'),
(358, 1, 40, 358, 'ocupada'),
(359, 1, 40, 359, 'ocupada'),
(360, 1, 40, 360, 'ocupada'),
(361, 1, 41, 361, 'ocupada'),
(362, 1, 41, 362, 'ocupada'),
(363, 1, 41, 363, 'ocupada'),
(364, 1, 41, 364, 'ocupada'),
(365, 1, 41, 365, 'ocupada'),
(366, 1, 41, 366, 'ocupada'),
(367, 1, 41, 367, 'ocupada'),
(368, 1, 41, 368, 'ocupada'),
(369, 1, 41, 369, 'ocupada'),
(370, 1, 42, 370, 'ocupada'),
(371, 1, 42, 371, 'ocupada'),
(372, 1, 42, 372, 'ocupada'),
(373, 1, 42, 373, 'ocupada'),
(374, 1, 42, 374, 'ocupada'),
(375, 1, 42, 375, 'ocupada'),
(376, 1, 42, 376, 'ocupada'),
(377, 1, 42, 377, 'ocupada'),
(378, 1, 42, 378, 'ocupada'),
(379, 1, 43, 379, 'ocupada'),
(380, 1, 43, 380, 'ocupada'),
(381, 1, 43, 381, 'ocupada'),
(382, 1, 43, 382, 'ocupada'),
(383, 1, 43, 383, 'ocupada'),
(384, 1, 43, 384, 'ocupada'),
(385, 1, 43, 385, 'ocupada'),
(386, 1, 43, 386, 'ocupada'),
(387, 1, 43, 387, 'ocupada'),
(388, 1, 44, 388, 'ocupada'),
(389, 1, 44, 389, 'ocupada'),
(390, 1, 44, 390, 'ocupada'),
(391, 1, 44, 391, 'ocupada'),
(392, 1, 44, 392, 'ocupada'),
(393, 1, 44, 393, 'ocupada'),
(394, 1, 44, 394, 'ocupada'),
(395, 1, 44, 395, 'ocupada'),
(396, 1, 44, 396, 'ocupada'),
(397, 2, 1, 1, 'ocupada'),
(398, 2, 1, 2, 'ocupada'),
(399, 2, 1, 3, 'ocupada'),
(400, 2, 1, 4, 'ocupada'),
(401, 2, 1, 5, 'libre'),
(402, 2, 1, 6, 'libre'),
(403, 2, 1, 7, 'libre'),
(404, 2, 1, 8, 'libre'),
(405, 2, 1, 9, 'libre'),
(406, 2, 1, 10, 'libre'),
(407, 2, 1, 11, 'libre'),
(408, 2, 2, 12, 'libre'),
(409, 2, 2, 13, 'libre'),
(410, 2, 2, 14, 'libre'),
(411, 2, 2, 15, 'libre'),
(412, 2, 2, 16, 'libre'),
(413, 2, 2, 17, 'libre'),
(414, 2, 2, 18, 'libre'),
(415, 2, 2, 19, 'libre'),
(416, 2, 2, 20, 'libre'),
(417, 2, 2, 21, 'libre'),
(418, 2, 2, 22, 'libre'),
(419, 2, 3, 23, 'libre'),
(420, 2, 3, 24, 'libre'),
(421, 2, 3, 25, 'libre'),
(422, 2, 3, 26, 'libre'),
(423, 2, 3, 27, 'libre'),
(424, 2, 3, 28, 'libre'),
(425, 2, 3, 29, 'libre'),
(426, 2, 3, 30, 'libre'),
(427, 2, 3, 31, 'libre'),
(428, 2, 3, 32, 'libre'),
(429, 2, 3, 33, 'libre'),
(430, 2, 4, 34, 'libre'),
(431, 2, 4, 35, 'libre'),
(432, 2, 4, 36, 'libre'),
(433, 2, 4, 37, 'libre'),
(434, 2, 4, 38, 'libre'),
(435, 2, 4, 39, 'libre'),
(436, 2, 4, 40, 'libre'),
(437, 2, 4, 41, 'libre'),
(438, 2, 4, 42, 'libre'),
(439, 2, 4, 43, 'libre'),
(440, 2, 4, 44, 'libre'),
(441, 2, 5, 45, 'libre'),
(442, 2, 5, 46, 'libre'),
(443, 2, 5, 47, 'libre'),
(444, 2, 5, 48, 'libre'),
(445, 2, 5, 49, 'libre'),
(446, 2, 5, 50, 'libre'),
(447, 2, 5, 51, 'libre'),
(448, 2, 5, 52, 'libre'),
(449, 2, 5, 53, 'libre'),
(450, 2, 5, 54, 'libre'),
(451, 2, 5, 55, 'libre'),
(452, 2, 6, 56, 'libre'),
(453, 2, 6, 57, 'libre'),
(454, 2, 6, 58, 'libre'),
(455, 2, 6, 59, 'libre'),
(456, 2, 6, 60, 'libre'),
(457, 2, 6, 61, 'libre'),
(458, 2, 6, 62, 'libre'),
(459, 2, 6, 63, 'libre'),
(460, 2, 6, 64, 'libre'),
(461, 2, 6, 65, 'libre'),
(462, 2, 6, 66, 'libre'),
(463, 2, 7, 67, 'libre'),
(464, 2, 7, 68, 'libre'),
(465, 2, 7, 69, 'libre'),
(466, 2, 7, 70, 'libre'),
(467, 2, 7, 71, 'libre'),
(468, 2, 7, 72, 'libre'),
(469, 2, 7, 73, 'libre'),
(470, 2, 7, 74, 'libre'),
(471, 2, 7, 75, 'libre'),
(472, 2, 7, 76, 'libre'),
(473, 2, 7, 77, 'libre'),
(474, 2, 8, 78, 'libre'),
(475, 2, 8, 79, 'libre'),
(476, 2, 8, 80, 'libre'),
(477, 2, 8, 81, 'libre'),
(478, 2, 8, 82, 'libre'),
(479, 2, 8, 83, 'libre'),
(480, 2, 8, 84, 'libre'),
(481, 2, 8, 85, 'libre'),
(482, 2, 8, 86, 'libre'),
(483, 2, 8, 87, 'libre'),
(484, 2, 8, 88, 'libre'),
(485, 2, 9, 89, 'libre'),
(486, 2, 9, 90, 'libre'),
(487, 2, 9, 91, 'libre'),
(488, 2, 9, 92, 'libre'),
(489, 2, 9, 93, 'libre'),
(490, 2, 9, 94, 'libre'),
(491, 2, 9, 95, 'libre'),
(492, 2, 9, 96, 'libre'),
(493, 2, 9, 97, 'libre'),
(494, 2, 9, 98, 'libre'),
(495, 2, 9, 99, 'libre'),
(496, 2, 10, 100, 'libre'),
(497, 2, 10, 101, 'libre'),
(498, 2, 10, 102, 'libre'),
(499, 2, 10, 103, 'libre'),
(500, 2, 10, 104, 'libre'),
(501, 2, 10, 105, 'libre'),
(502, 2, 10, 106, 'libre'),
(503, 2, 10, 107, 'libre'),
(504, 2, 10, 108, 'libre'),
(505, 2, 10, 109, 'libre'),
(506, 2, 10, 110, 'libre'),
(507, 2, 11, 111, 'libre'),
(508, 2, 11, 112, 'libre'),
(509, 2, 11, 113, 'libre'),
(510, 2, 11, 114, 'libre'),
(511, 2, 11, 115, 'libre'),
(512, 2, 11, 116, 'libre'),
(513, 2, 11, 117, 'libre'),
(514, 2, 11, 118, 'libre'),
(515, 2, 11, 119, 'libre'),
(516, 2, 11, 120, 'libre'),
(517, 2, 11, 121, 'libre'),
(518, 2, 12, 122, 'libre'),
(519, 2, 12, 123, 'libre'),
(520, 2, 12, 124, 'libre'),
(521, 2, 12, 125, 'libre'),
(522, 2, 12, 126, 'libre'),
(523, 2, 12, 127, 'libre'),
(524, 2, 12, 128, 'libre'),
(525, 2, 12, 129, 'libre'),
(526, 2, 12, 130, 'libre'),
(527, 2, 12, 131, 'libre'),
(528, 2, 12, 132, 'libre'),
(529, 2, 13, 133, 'libre'),
(530, 2, 13, 134, 'libre'),
(531, 2, 13, 135, 'libre'),
(532, 2, 13, 136, 'libre'),
(533, 2, 13, 137, 'libre'),
(534, 2, 13, 138, 'libre'),
(535, 2, 13, 139, 'libre'),
(536, 2, 13, 140, 'libre'),
(537, 2, 13, 141, 'libre'),
(538, 2, 13, 142, 'libre'),
(539, 2, 13, 143, 'libre'),
(540, 2, 14, 144, 'libre'),
(541, 2, 14, 145, 'libre'),
(542, 2, 14, 146, 'libre'),
(543, 2, 14, 147, 'libre'),
(544, 2, 14, 148, 'libre'),
(545, 2, 14, 149, 'libre'),
(546, 2, 14, 150, 'libre'),
(547, 2, 14, 151, 'libre'),
(548, 2, 14, 152, 'libre'),
(549, 2, 14, 153, 'libre'),
(550, 2, 14, 154, 'libre'),
(551, 2, 15, 155, 'libre'),
(552, 2, 15, 156, 'libre'),
(553, 2, 15, 157, 'libre'),
(554, 2, 15, 158, 'libre'),
(555, 2, 15, 159, 'libre'),
(556, 2, 15, 160, 'libre'),
(557, 2, 15, 161, 'libre'),
(558, 2, 15, 162, 'libre'),
(559, 2, 15, 163, 'libre'),
(560, 2, 15, 164, 'libre'),
(561, 2, 15, 165, 'libre'),
(562, 2, 16, 166, 'libre'),
(563, 2, 16, 167, 'libre'),
(564, 2, 16, 168, 'libre'),
(565, 2, 16, 169, 'libre'),
(566, 2, 16, 170, 'libre'),
(567, 2, 16, 171, 'libre'),
(568, 2, 16, 172, 'libre'),
(569, 2, 16, 173, 'libre'),
(570, 2, 16, 174, 'libre'),
(571, 2, 16, 175, 'libre'),
(572, 2, 16, 176, 'libre'),
(573, 2, 17, 177, 'libre'),
(574, 2, 17, 178, 'libre'),
(575, 2, 17, 179, 'libre'),
(576, 2, 17, 180, 'libre'),
(577, 2, 17, 181, 'libre'),
(578, 2, 17, 182, 'libre'),
(579, 2, 17, 183, 'libre'),
(580, 2, 17, 184, 'libre'),
(581, 2, 17, 185, 'libre'),
(582, 2, 17, 186, 'libre'),
(583, 2, 17, 187, 'libre'),
(584, 2, 18, 188, 'libre'),
(585, 2, 18, 189, 'libre'),
(586, 2, 18, 190, 'libre'),
(587, 2, 18, 191, 'libre'),
(588, 2, 18, 192, 'libre'),
(589, 2, 18, 193, 'libre'),
(590, 2, 18, 194, 'libre'),
(591, 2, 18, 195, 'libre'),
(592, 2, 18, 196, 'libre'),
(593, 2, 18, 197, 'libre'),
(594, 2, 18, 198, 'libre'),
(595, 2, 19, 199, 'libre'),
(596, 2, 19, 200, 'libre'),
(597, 2, 19, 201, 'libre'),
(598, 2, 19, 202, 'libre'),
(599, 2, 19, 203, 'libre'),
(600, 2, 19, 204, 'libre'),
(601, 2, 19, 205, 'libre'),
(602, 2, 19, 206, 'libre'),
(603, 2, 19, 207, 'libre'),
(604, 2, 19, 208, 'libre'),
(605, 2, 19, 209, 'libre'),
(606, 2, 20, 210, 'libre'),
(607, 2, 20, 211, 'libre'),
(608, 2, 20, 212, 'libre'),
(609, 2, 20, 213, 'libre'),
(610, 2, 20, 214, 'libre'),
(611, 2, 20, 215, 'libre'),
(612, 2, 20, 216, 'libre'),
(613, 2, 20, 217, 'libre'),
(614, 2, 20, 218, 'libre'),
(615, 2, 20, 219, 'libre'),
(616, 2, 20, 220, 'libre'),
(617, 2, 21, 221, 'libre'),
(618, 2, 21, 222, 'libre'),
(619, 2, 21, 223, 'libre'),
(620, 2, 21, 224, 'libre'),
(621, 2, 21, 225, 'libre'),
(622, 2, 21, 226, 'libre'),
(623, 2, 21, 227, 'libre'),
(624, 2, 21, 228, 'libre'),
(625, 2, 21, 229, 'libre'),
(626, 2, 21, 230, 'libre'),
(627, 2, 21, 231, 'libre'),
(628, 2, 22, 232, 'libre'),
(629, 2, 22, 233, 'libre'),
(630, 2, 22, 234, 'libre'),
(631, 2, 22, 235, 'libre'),
(632, 2, 22, 236, 'libre'),
(633, 2, 22, 237, 'libre'),
(634, 2, 22, 238, 'libre'),
(635, 2, 22, 239, 'libre'),
(636, 2, 22, 240, 'libre'),
(637, 2, 22, 241, 'libre'),
(638, 2, 22, 242, 'libre'),
(639, 2, 23, 243, 'libre'),
(640, 2, 23, 244, 'libre'),
(641, 2, 23, 245, 'libre'),
(642, 2, 23, 246, 'libre'),
(643, 2, 23, 247, 'libre'),
(644, 2, 23, 248, 'libre'),
(645, 2, 23, 249, 'libre'),
(646, 2, 23, 250, 'libre'),
(647, 2, 23, 251, 'libre'),
(648, 2, 23, 252, 'libre'),
(649, 2, 23, 253, 'libre'),
(650, 2, 24, 254, 'libre'),
(651, 2, 24, 255, 'libre'),
(652, 2, 24, 256, 'libre'),
(653, 2, 24, 257, 'libre'),
(654, 2, 24, 258, 'libre'),
(655, 2, 24, 259, 'libre'),
(656, 2, 24, 260, 'libre'),
(657, 2, 24, 261, 'libre'),
(658, 2, 24, 262, 'libre'),
(659, 2, 24, 263, 'libre'),
(660, 2, 24, 264, 'libre'),
(661, 2, 25, 265, 'libre'),
(662, 2, 25, 266, 'libre'),
(663, 2, 25, 267, 'libre'),
(664, 2, 25, 268, 'libre'),
(665, 2, 25, 269, 'libre'),
(666, 2, 25, 270, 'libre'),
(667, 2, 25, 271, 'libre'),
(668, 2, 25, 272, 'libre'),
(669, 2, 25, 273, 'libre'),
(670, 2, 25, 274, 'libre'),
(671, 2, 25, 275, 'libre'),
(672, 2, 26, 276, 'libre'),
(673, 2, 26, 277, 'libre'),
(674, 2, 26, 278, 'libre'),
(675, 2, 26, 279, 'libre'),
(676, 2, 26, 280, 'libre'),
(677, 2, 26, 281, 'libre'),
(678, 2, 26, 282, 'libre'),
(679, 2, 26, 283, 'libre'),
(680, 2, 26, 284, 'libre'),
(681, 2, 26, 285, 'libre'),
(682, 2, 26, 286, 'libre'),
(683, 2, 27, 287, 'libre'),
(684, 2, 27, 288, 'libre'),
(685, 2, 27, 289, 'libre'),
(686, 2, 27, 290, 'libre'),
(687, 2, 27, 291, 'libre'),
(688, 2, 27, 292, 'libre'),
(689, 2, 27, 293, 'libre'),
(690, 2, 27, 294, 'libre'),
(691, 2, 27, 295, 'libre'),
(692, 2, 27, 296, 'libre'),
(693, 2, 27, 297, 'libre'),
(694, 2, 28, 298, 'libre'),
(695, 2, 28, 299, 'libre'),
(696, 2, 28, 300, 'libre'),
(697, 2, 28, 301, 'libre'),
(698, 2, 28, 302, 'libre'),
(699, 2, 28, 303, 'libre'),
(700, 2, 28, 304, 'libre'),
(701, 2, 28, 305, 'libre'),
(702, 2, 28, 306, 'libre'),
(703, 2, 28, 307, 'libre'),
(704, 2, 28, 308, 'libre'),
(705, 2, 29, 309, 'libre'),
(706, 2, 29, 310, 'libre'),
(707, 2, 29, 311, 'libre'),
(708, 2, 29, 312, 'libre'),
(709, 2, 29, 313, 'libre'),
(710, 2, 29, 314, 'libre'),
(711, 2, 29, 315, 'libre'),
(712, 2, 29, 316, 'libre'),
(713, 2, 29, 317, 'libre'),
(714, 2, 29, 318, 'libre'),
(715, 2, 29, 319, 'libre'),
(716, 2, 30, 320, 'libre'),
(717, 2, 30, 321, 'libre'),
(718, 2, 30, 322, 'libre'),
(719, 2, 30, 323, 'libre'),
(720, 2, 30, 324, 'libre'),
(721, 2, 30, 325, 'libre'),
(722, 2, 30, 326, 'libre'),
(723, 2, 30, 327, 'libre'),
(724, 2, 30, 328, 'libre'),
(725, 2, 30, 329, 'libre'),
(726, 2, 30, 330, 'libre'),
(727, 2, 31, 331, 'libre'),
(728, 2, 31, 332, 'libre'),
(729, 2, 31, 333, 'libre'),
(730, 2, 31, 334, 'libre'),
(731, 2, 31, 335, 'libre'),
(732, 2, 31, 336, 'libre'),
(733, 2, 31, 337, 'libre'),
(734, 2, 31, 338, 'libre'),
(735, 2, 31, 339, 'libre'),
(736, 2, 31, 340, 'libre'),
(737, 2, 31, 341, 'libre'),
(738, 2, 32, 342, 'libre'),
(739, 2, 32, 343, 'libre'),
(740, 2, 32, 344, 'libre'),
(741, 2, 32, 345, 'libre'),
(742, 2, 32, 346, 'libre'),
(743, 2, 32, 347, 'libre'),
(744, 2, 32, 348, 'libre'),
(745, 2, 32, 349, 'libre'),
(746, 2, 32, 350, 'libre'),
(747, 2, 32, 351, 'libre'),
(748, 2, 32, 352, 'libre'),
(749, 2, 33, 353, 'libre'),
(750, 2, 33, 354, 'libre'),
(751, 2, 33, 355, 'libre'),
(752, 2, 33, 356, 'libre'),
(753, 2, 33, 357, 'libre'),
(754, 2, 33, 358, 'libre'),
(755, 2, 33, 359, 'libre'),
(756, 2, 33, 360, 'libre'),
(757, 2, 33, 361, 'libre'),
(758, 2, 33, 362, 'libre'),
(759, 2, 33, 363, 'libre'),
(760, 2, 34, 364, 'libre'),
(761, 2, 34, 365, 'libre'),
(762, 2, 34, 366, 'libre'),
(763, 2, 34, 367, 'libre'),
(764, 2, 34, 368, 'libre'),
(765, 2, 34, 369, 'libre'),
(766, 2, 34, 370, 'libre'),
(767, 2, 34, 371, 'libre'),
(768, 2, 34, 372, 'libre'),
(769, 2, 34, 373, 'libre'),
(770, 2, 34, 374, 'libre'),
(771, 2, 35, 375, 'libre'),
(772, 2, 35, 376, 'libre'),
(773, 2, 35, 377, 'libre'),
(774, 2, 35, 378, 'libre'),
(775, 2, 35, 379, 'libre'),
(776, 2, 35, 380, 'libre'),
(777, 2, 35, 381, 'libre'),
(778, 2, 35, 382, 'libre'),
(779, 2, 35, 383, 'libre'),
(780, 2, 35, 384, 'libre'),
(781, 2, 35, 385, 'libre'),
(782, 2, 36, 386, 'libre'),
(783, 2, 36, 387, 'libre'),
(784, 2, 36, 388, 'libre'),
(785, 2, 36, 389, 'libre'),
(786, 2, 36, 390, 'libre'),
(787, 2, 36, 391, 'libre'),
(788, 2, 36, 392, 'libre'),
(789, 2, 36, 393, 'libre'),
(790, 2, 36, 394, 'libre'),
(791, 2, 36, 395, 'libre'),
(792, 2, 36, 396, 'libre');

-- --------------------------------------------------------

--
-- Estructura de tabla para la tabla `usuarios`
--

CREATE TABLE `usuarios` (
  `id` int(11) NOT NULL,
  `usuario` varchar(50) NOT NULL,
  `password_hash` varchar(255) NOT NULL,
  `nombre_completo` varchar(100) DEFAULT NULL,
  `rol` enum('admin','operador') DEFAULT 'operador',
  `ultimo_acceso` datetime DEFAULT NULL,
  `created_at` timestamp NOT NULL DEFAULT current_timestamp()
) ENGINE=InnoDB DEFAULT CHARSET=utf8mb4 COLLATE=utf8mb4_general_ci;

--
-- Volcado de datos para la tabla `usuarios`
--

INSERT INTO `usuarios` (`id`, `usuario`, `password_hash`, `nombre_completo`, `rol`, `ultimo_acceso`, `created_at`) VALUES
(1, 'admin', '$2y$10$P4qEWuXA0kOeCA.3ic1YtuVjgDz5Zo/24vbrutd4dYVIrTPRefPWm', 'Administrador del Sistema', 'admin', NULL, '2026-04-26 02:56:15'),
(2, 'Seba', '$2y$10$b9PIWr1prrwRyWNGUC13JOuinhQCXS/t2pAJb9.KleMt9UHtY2tai', 'Sebastian', 'operador', NULL, '2026-04-26 04:55:52');

--
-- Índices para tablas volcadas
--

--
-- Indices de la tabla `backups`
--
ALTER TABLE `backups`
  ADD PRIMARY KEY (`id`),
  ADD KEY `fk_backup_usuario` (`usuario_id`);

--
-- Indices de la tabla `busquedas`
--
ALTER TABLE `busquedas`
  ADD PRIMARY KEY (`id`),
  ADD KEY `usuario_id` (`usuario_id`);

--
-- Indices de la tabla `condecoraciones`
--
ALTER TABLE `condecoraciones`
  ADD PRIMARY KEY (`id`),
  ADD UNIQUE KEY `nombre` (`nombre`);

--
-- Indices de la tabla `estantes`
--
ALTER TABLE `estantes`
  ADD PRIMARY KEY (`id`),
  ADD UNIQUE KEY `numero_consecutivo` (`numero_consecutivo`);

--
-- Indices de la tabla `historial_expediente`
--
ALTER TABLE `historial_expediente`
  ADD PRIMARY KEY (`id`),
  ADD KEY `fk_historial_militante` (`militante_id`),
  ADD KEY `fk_historial_usuario` (`usuario_id`);

--
-- Indices de la tabla `logs`
--
ALTER TABLE `logs`
  ADD PRIMARY KEY (`id`),
  ADD KEY `usuario_id` (`usuario_id`);

--
-- Indices de la tabla `militantes`
--
ALTER TABLE `militantes`
  ADD PRIMARY KEY (`id`),
  ADD UNIQUE KEY `ci` (`ci`),
  ADD UNIQUE KEY `idx_militante_ci` (`ci`),
  ADD KEY `fk_militante_ubicacion` (`ubicacion_id`),
  ADD KEY `fk_militante_nucleo` (`nucleo_id`);

--
-- Indices de la tabla `nucleos`
--
ALTER TABLE `nucleos`
  ADD PRIMARY KEY (`id`),
  ADD UNIQUE KEY `numero_nucleo` (`numero_nucleo`);

--
-- Indices de la tabla `ubicaciones`
--
ALTER TABLE `ubicaciones`
  ADD PRIMARY KEY (`id`),
  ADD UNIQUE KEY `ubicacion_unica` (`estante_id`,`posicion_global`),
  ADD KEY `estante_id` (`estante_id`);

--
-- Indices de la tabla `usuarios`
--
ALTER TABLE `usuarios`
  ADD PRIMARY KEY (`id`),
  ADD UNIQUE KEY `usuario` (`usuario`);

--
-- AUTO_INCREMENT de las tablas volcadas
--

--
-- AUTO_INCREMENT de la tabla `backups`
--
ALTER TABLE `backups`
  MODIFY `id` int(11) NOT NULL AUTO_INCREMENT;

--
-- AUTO_INCREMENT de la tabla `busquedas`
--
ALTER TABLE `busquedas`
  MODIFY `id` int(11) NOT NULL AUTO_INCREMENT;

--
-- AUTO_INCREMENT de la tabla `condecoraciones`
--
ALTER TABLE `condecoraciones`
  MODIFY `id` int(11) NOT NULL AUTO_INCREMENT, AUTO_INCREMENT=109;

--
-- AUTO_INCREMENT de la tabla `estantes`
--
ALTER TABLE `estantes`
  MODIFY `id` int(11) NOT NULL AUTO_INCREMENT, AUTO_INCREMENT=3;

--
-- AUTO_INCREMENT de la tabla `historial_expediente`
--
ALTER TABLE `historial_expediente`
  MODIFY `id` int(11) NOT NULL AUTO_INCREMENT;

--
-- AUTO_INCREMENT de la tabla `logs`
--
ALTER TABLE `logs`
  MODIFY `id` int(11) NOT NULL AUTO_INCREMENT, AUTO_INCREMENT=41;

--
-- AUTO_INCREMENT de la tabla `militantes`
--
ALTER TABLE `militantes`
  MODIFY `id` int(11) NOT NULL AUTO_INCREMENT, AUTO_INCREMENT=436;

--
-- AUTO_INCREMENT de la tabla `nucleos`
--
ALTER TABLE `nucleos`
  MODIFY `id` int(11) NOT NULL AUTO_INCREMENT, AUTO_INCREMENT=10;

--
-- AUTO_INCREMENT de la tabla `ubicaciones`
--
ALTER TABLE `ubicaciones`
  MODIFY `id` int(11) NOT NULL AUTO_INCREMENT, AUTO_INCREMENT=793;

--
-- AUTO_INCREMENT de la tabla `usuarios`
--
ALTER TABLE `usuarios`
  MODIFY `id` int(11) NOT NULL AUTO_INCREMENT, AUTO_INCREMENT=5;

--
-- Restricciones para tablas volcadas
--

--
-- Filtros para la tabla `backups`
--
ALTER TABLE `backups`
  ADD CONSTRAINT `fk_backup_usuario` FOREIGN KEY (`usuario_id`) REFERENCES `usuarios` (`id`);

--
-- Filtros para la tabla `busquedas`
--
ALTER TABLE `busquedas`
  ADD CONSTRAINT `busquedas_ibfk_1` FOREIGN KEY (`usuario_id`) REFERENCES `usuarios` (`id`) ON DELETE CASCADE;

--
-- Filtros para la tabla `historial_expediente`
--
ALTER TABLE `historial_expediente`
  ADD CONSTRAINT `fk_historial_militante` FOREIGN KEY (`militante_id`) REFERENCES `militantes` (`id`) ON DELETE CASCADE,
  ADD CONSTRAINT `fk_historial_usuario` FOREIGN KEY (`usuario_id`) REFERENCES `usuarios` (`id`);

--
-- Filtros para la tabla `logs`
--
ALTER TABLE `logs`
  ADD CONSTRAINT `logs_ibfk_1` FOREIGN KEY (`usuario_id`) REFERENCES `usuarios` (`id`) ON DELETE SET NULL;

--
-- Filtros para la tabla `militantes`
--
ALTER TABLE `militantes`
  ADD CONSTRAINT `fk_militante_nucleo` FOREIGN KEY (`nucleo_id`) REFERENCES `nucleos` (`id`) ON UPDATE CASCADE,
  ADD CONSTRAINT `fk_militante_ubicacion` FOREIGN KEY (`ubicacion_id`) REFERENCES `ubicaciones` (`id`) ON UPDATE CASCADE;

--
-- Filtros para la tabla `ubicaciones`
--
ALTER TABLE `ubicaciones`
  ADD CONSTRAINT `fk_estante` FOREIGN KEY (`estante_id`) REFERENCES `estantes` (`id`) ON DELETE CASCADE;
COMMIT;

/*!40101 SET CHARACTER_SET_CLIENT=@OLD_CHARACTER_SET_CLIENT */;
/*!40101 SET CHARACTER_SET_RESULTS=@OLD_CHARACTER_SET_RESULTS */;
/*!40101 SET COLLATION_CONNECTION=@OLD_COLLATION_CONNECTION */;
